
Running 11 tests using 1 worker

  x   1 [mobile-390x844] › tests\13-accessibility.spec.ts:17:7 › Accessibility smoke › every button and link has an accessible name (1.7s)
  ok  2 [mobile-390x844] › tests\13-accessibility.spec.ts:41:7 › Accessibility smoke › focus is visible when tabbing through the nav rail (572ms)
  x   3 [mobile-390x844] › tests\13-accessibility.spec.ts:58:9 › Accessibility smoke › axe-core scan: Morning (/) has no critical violations (3.0s)
  x   4 [mobile-390x844] › tests\13-accessibility.spec.ts:58:9 › Accessibility smoke › axe-core scan: Feed (/feed) has no critical violations (3.6s)
  x   5 [mobile-390x844] › tests\13-accessibility.spec.ts:58:9 › Accessibility smoke › axe-core scan: Entities (/entities) has no critical violations (4.4s)
  x   6 [mobile-390x844] › tests\13-accessibility.spec.ts:58:9 › Accessibility smoke › axe-core scan: Investigations (/investigations) has no critical violations (3.0s)
  x   7 [mobile-390x844] › tests\13-accessibility.spec.ts:58:9 › Accessibility smoke › axe-core scan: Ask (/ask) has no critical violations (2.9s)
  x   8 [mobile-390x844] › tests\13-accessibility.spec.ts:58:9 › Accessibility smoke › axe-core scan: Conferences (/conferences) has no critical violations (3.2s)
  x   9 [mobile-390x844] › tests\13-accessibility.spec.ts:58:9 › Accessibility smoke › axe-core scan: Inbox (/inbox) has no critical violations (2.9s)
  x  10 [mobile-390x844] › tests\13-accessibility.spec.ts:58:9 › Accessibility smoke › axe-core scan: Reports (/reports) has no critical violations (2.9s)
  x  11 [mobile-390x844] › tests\13-accessibility.spec.ts:58:9 › Accessibility smoke › axe-core scan: Settings (/settings) has no critical violations (3.1s)


  1) [mobile-390x844] › tests\13-accessibility.spec.ts:17:7 › Accessibility smoke › every button and link has an accessible name 

    Error: Controls with no accessible name:
    <a class="flex items-center gap-3 rounded-md px-2.5 py-2.5 text-sm transition-colors md:px-3 focus-visible:outline focus-visible:outline-2 focus-visib
    <a aria-current="page" class="flex items-center gap-3 rounded-md px-2.5 py-2.5 text-sm transition-colors md:px-3 focus-visible:outline focus-visible:o
    <a class="flex items-center gap-3 rounded-md px-2.5 py-2.5 text-sm transition-colors md:px-3 focus-visible:outline focus-visible:outline-2 focus-visib
    <a class="flex items-center gap-3 rounded-md px-2.5 py-2.5 text-sm transition-colors md:px-3 focus-visible:outline focus-visible:outline-2 focus-visib
    <a class="flex items-center gap-3 rounded-md px-2.5 py-2.5 text-sm transition-colors md:px-3 focus-visible:outline focus-visible:outline-2 focus-visib
    <a class="flex items-center gap-3 rounded-md px-2.5 py-2.5 text-sm transition-colors md:px-3 focus-visible:outline focus-visible:outline-2 focus-visib
    <a class="flex items-center gap-3 rounded-md px-2.5 py-2.5 text-sm transition-colors md:px-3 focus-visible:outline focus-visible:outline-2 focus-visib
    <a class="flex items-center gap-3 rounded-md px-2.5 py-2.5 text-sm transition-colors md:px-3 focus-visible:outline focus-visible:outline-2 focus-visib
    <a class="flex items-center gap-3 rounded-md px-2.5 py-2.5 text-sm transition-colors md:px-3 focus-visible:outline focus-visible:outline-2 focus-visib
    <a class="flex items-center gap-3 rounded-md px-2.5 py-2.5 text-sm transition-colors md:px-3 focus-visible:outline focus-visible:outline-2 focus-visib
    <button type="button" class="flex shrink-0 items-center gap-1.5 rounded-md bg-accent px-2 py-1.5 text-sm font-medium text-accent-fg hover:opacity-90 d

    expect(received).toEqual(expected) // deep equality

    - Expected  -  1
    + Received  + 13

    - Array []
    + Array [
    +   "<a class=\"flex items-center gap-3 rounded-md px-2.5 py-2.5 text-sm transition-colors md:px-3 focus-visible:outline focus-visible:outline-2 focus-visib",
    +   "<a aria-current=\"page\" class=\"flex items-center gap-3 rounded-md px-2.5 py-2.5 text-sm transition-colors md:px-3 focus-visible:outline focus-visible:o",
    +   "<a class=\"flex items-center gap-3 rounded-md px-2.5 py-2.5 text-sm transition-colors md:px-3 focus-visible:outline focus-visible:outline-2 focus-visib",
    +   "<a class=\"flex items-center gap-3 rounded-md px-2.5 py-2.5 text-sm transition-colors md:px-3 focus-visible:outline focus-visible:outline-2 focus-visib",
    +   "<a class=\"flex items-center gap-3 rounded-md px-2.5 py-2.5 text-sm transition-colors md:px-3 focus-visible:outline focus-visible:outline-2 focus-visib",
    +   "<a class=\"flex items-center gap-3 rounded-md px-2.5 py-2.5 text-sm transition-colors md:px-3 focus-visible:outline focus-visible:outline-2 focus-visib",
    +   "<a class=\"flex items-center gap-3 rounded-md px-2.5 py-2.5 text-sm transition-colors md:px-3 focus-visible:outline focus-visible:outline-2 focus-visib",
    +   "<a class=\"flex items-center gap-3 rounded-md px-2.5 py-2.5 text-sm transition-colors md:px-3 focus-visible:outline focus-visible:outline-2 focus-visib",
    +   "<a class=\"flex items-center gap-3 rounded-md px-2.5 py-2.5 text-sm transition-colors md:px-3 focus-visible:outline focus-visible:outline-2 focus-visib",
    +   "<a class=\"flex items-center gap-3 rounded-md px-2.5 py-2.5 text-sm transition-colors md:px-3 focus-visible:outline focus-visible:outline-2 focus-visib",
    +   "<button type=\"button\" class=\"flex shrink-0 items-center gap-1.5 rounded-md bg-accent px-2 py-1.5 text-sm font-medium text-accent-fg hover:opacity-90 d",
    + ]

      36 |       }
      37 |     }
    > 38 |     expect(offenders, `Controls with no accessible name:\n${offenders.join("\n")}`).toEqual([]);
         |                                                                                     ^
      39 |   });
      40 |
      41 |   test("focus is visible when tabbing through the nav rail", async ({ page }) => {
        at C:\Users\cohyo\Documents\EO-analyst\e2e\tests\13-accessibility.spec.ts:38:85

    attachment #1: screenshot (image/png) ──────────────────────────────────────────────────────────
    test-results\13-accessibility-Accessibi-84670-link-has-an-accessible-name-mobile-390x844\test-failed-1.png
    ────────────────────────────────────────────────────────────────────────────────────────────────

    attachment #2: video (video/webm) ──────────────────────────────────────────────────────────────
    test-results\13-accessibility-Accessibi-84670-link-has-an-accessible-name-mobile-390x844\video.webm
    ────────────────────────────────────────────────────────────────────────────────────────────────

    Error Context: test-results\13-accessibility-Accessibi-84670-link-has-an-accessible-name-mobile-390x844\error-context.md

    attachment #4: trace (application/zip) ─────────────────────────────────────────────────────────
    test-results\13-accessibility-Accessibi-84670-link-has-an-accessible-name-mobile-390x844\trace.zip
    Usage:

        npx playwright show-trace test-results\13-accessibility-Accessibi-84670-link-has-an-accessible-name-mobile-390x844\trace.zip

    ────────────────────────────────────────────────────────────────────────────────────────────────

  2) [mobile-390x844] › tests\13-accessibility.spec.ts:58:9 › Accessibility smoke › axe-core scan: Morning (/) has no critical violations 

    Error: Critical axe violations on /:
    button-name: Buttons must have discernible text (1 node(s)) — .gap-1\.5

    expect(received).toEqual(expected) // deep equality

    - Expected  -  1
    + Received  + 95

    - Array []
    + Array [
    +   Object {
    +     "description": "Ensure buttons have discernible text",
    +     "help": "Buttons must have discernible text",
    +     "helpUrl": "https://dequeuniversity.com/rules/axe/4.13/button-name?application=playwright",
    +     "id": "button-name",
    +     "impact": "critical",
    +     "nodes": Array [
    +       Object {
    +         "all": Array [],
    +         "any": Array [
    +           Object {
    +             "data": null,
    +             "id": "button-has-visible-text",
    +             "impact": "critical",
    +             "message": "Element does not have inner text that is visible to screen readers",
    +             "relatedNodes": Array [],
    +           },
    +           Object {
    +             "data": null,
    +             "id": "aria-label",
    +             "impact": "critical",
    +             "message": "aria-label attribute does not exist or is empty",
    +             "relatedNodes": Array [],
    +           },
    +           Object {
    +             "data": null,
    +             "id": "aria-labelledby",
    +             "impact": "critical",
    +             "message": "aria-labelledby attribute does not exist, references elements that do not exist or references elements that are empty",
    +             "relatedNodes": Array [],
    +           },
    +           Object {
    +             "data": Object {
    +               "messageKey": "noAttr",
    +             },
    +             "id": "non-empty-title",
    +             "impact": "critical",
    +             "message": "Element has no title attribute",
    +             "relatedNodes": Array [],
    +           },
    +           Object {
    +             "data": null,
    +             "id": "implicit-label",
    +             "impact": "critical",
    +             "message": "Element does not have an implicit (wrapped) <label>",
    +             "relatedNodes": Array [],
    +           },
    +           Object {
    +             "data": null,
    +             "id": "explicit-label",
    +             "impact": "critical",
    +             "message": "Element does not have an explicit <label>",
    +             "relatedNodes": Array [],
    +           },
    +           Object {
    +             "data": null,
    +             "id": "presentational-role",
    +             "impact": "critical",
    +             "message": "Element's default semantics were not overridden with role=\"none\" or role=\"presentation\"",
    +             "relatedNodes": Array [],
    +           },
    +         ],
    +         "failureSummary": "Fix any of the following:
    +   Element does not have inner text that is visible to screen readers
    +   aria-label attribute does not exist or is empty
    +   aria-labelledby attribute does not exist, references elements that do not exist or references elements that are empty
    +   Element has no title attribute
    +   Element does not have an implicit (wrapped) <label>
    +   Element does not have an explicit <label>
    +   Element's default semantics were not overridden with role=\"none\" or role=\"presentation\"",
    +         "html": "<button type=\"button\" class=\"flex shrink-0 items-center gap-1.5 rounded-md bg-accent px-2 py-1.5 text-sm font-medium text-accent-fg hover:opacity-90 disabled:opacity-60 sm:px-3\">",
    +         "impact": "critical",
    +         "none": Array [],
    +         "target": Array [
    +           ".gap-1\\.5",
    +         ],
    +       },
    +     ],
    +     "tags": Array [
    +       "cat.name-role-value",
    +       "wcag2a",
    +       "wcag412",
    +       "section508",
    +       "section508.22.a",
    +       "TTv5",
    +       "TT6.a",
    +       "EN-301-549",
    +       "EN-9.4.1.2",
    +       "ACT",
    +       "RGAAv4",
    +       "RGAA-11.9.1",
    +     ],
    +   },
    + ]

      66 |           .map((v) => `${v.id}: ${v.help} (${v.nodes.length} node(s)) — ${v.nodes[0]?.target.join(" ")}`)
      67 |           .join("\n");
    > 68 |         expect(critical, `Critical axe violations on ${screen.path}:\n${details}`).toEqual([]);
         |                                                                                    ^
      69 |       }
      70 |
      71 |       // Non-critical violations are recorded as an attachment for visibility
        at C:\Users\cohyo\Documents\EO-analyst\e2e\tests\13-accessibility.spec.ts:68:84

    attachment #1: screenshot (image/png) ──────────────────────────────────────────────────────────
    test-results\13-accessibility-Accessibi-e6220--has-no-critical-violations-mobile-390x844\test-failed-1.png
    ────────────────────────────────────────────────────────────────────────────────────────────────

    attachment #2: video (video/webm) ──────────────────────────────────────────────────────────────
    test-results\13-accessibility-Accessibi-e6220--has-no-critical-violations-mobile-390x844\video.webm
    ────────────────────────────────────────────────────────────────────────────────────────────────

    attachment #3: video (video/webm) ──────────────────────────────────────────────────────────────
    test-results\13-accessibility-Accessibi-e6220--has-no-critical-violations-mobile-390x844\video-1.webm
    ────────────────────────────────────────────────────────────────────────────────────────────────

    Error Context: test-results\13-accessibility-Accessibi-e6220--has-no-critical-violations-mobile-390x844\error-context.md

    attachment #5: trace (application/zip) ─────────────────────────────────────────────────────────
    test-results\13-accessibility-Accessibi-e6220--has-no-critical-violations-mobile-390x844\trace.zip
    Usage:

        npx playwright show-trace test-results\13-accessibility-Accessibi-e6220--has-no-critical-violations-mobile-390x844\trace.zip

    ────────────────────────────────────────────────────────────────────────────────────────────────

  3) [mobile-390x844] › tests\13-accessibility.spec.ts:58:9 › Accessibility smoke › axe-core scan: Feed (/feed) has no critical violations 

    Error: Critical axe violations on /feed:
    aria-required-children: Certain ARIA roles must contain particular children (17 node(s)) — div[role="grid"]
    button-name: Buttons must have discernible text (1 node(s)) — .gap-1\.5

    expect(received).toEqual(expected) // deep equality

    - Expected  -   1
    + Received  + 911

    - Array []
    + Array [
    +   Object {
    +     "description": "Ensure elements with an ARIA role that require child roles contain them",
    +     "help": "Certain ARIA roles must contain particular children",
    +     "helpUrl": "https://dequeuniversity.com/rules/axe/4.13/aria-required-children?application=playwright",
    +     "id": "aria-required-children",
    +     "impact": "critical",
    +     "nodes": Array [
    +       Object {
    +         "all": Array [],
    +         "any": Array [
    +           Object {
    +             "data": Object {
    +               "messageKey": "unallowed",
    +               "values": "button",
    +             },
    +             "id": "aria-required-children",
    +             "impact": "critical",
    +             "message": "Element has children which are not allowed: button",
    +             "relatedNodes": Array [
    +               Object {
    +                 "html": "<button type=\"button\" class=\"rounded-md border border-border-strong px-3 py-1.5 text-xs text-fg-dim hover:bg-bg-sunken disabled:opacity-50\">טען עוד (179 נותרו)</button>",
    +                 "target": Array [
    +                   ".disabled\\:opacity-50",
    +                 ],
    +               },
    +             ],
    +           },
    +         ],
    +         "failureSummary": "Fix any of the following:
    +   Element has children which are not allowed: button",
    +         "html": "<div role=\"grid\" aria-label=\"פיד Triage\" class=\"relative flex-1 overflow-y-auto\" data-testid=\"feed-list\">",
    +         "impact": "critical",
    +         "none": Array [],
    +         "target": Array [
    +           "div[role=\"grid\"]",
    +         ],
    +       },
    +       Object {
    +         "all": Array [],
    +         "any": Array [
    +           Object {
    +             "data": Object {
    +               "messageKey": "unallowed",
    +               "values": "[role=img], button[aria-label], span[aria-label], a",
    +             },
    +             "id": "aria-required-children",
    +             "impact": "critical",
    +             "message": "Element has children which are not allowed: [role=img], button[aria-label], span[aria-label], a",
    +             "relatedNodes": Array [
    +               Object {
    +                 "html": "<span role=\"img\" aria-label=\"רמת דחיפות: ארכיון\" class=\"inline-flex items-center gap-1 rounded-md font-medium text-level-archive bg-level-archive-bg px-1.5 py-0.5 text-xs\" data-level=\"archive\">",
    +                 "target": Array [
    +                   ".bg-accent-muted\\/70 > .inline-flex.text-level-archive.bg-level-archive-bg",
    +                 ],
    +               },
    +               Object {
    +                 "html": "<button type=\"button\" aria-expanded=\"false\" aria-label=\"למה הציון?\" title=\"למה הציון?\" class=\"flex shrink-0 items-center justify-center rounded-md text-fg-dim hover:bg-bg-sunken hover:text-fg h-5 w-5\">",
    +                 "target": Array [
    +                   ".bg-accent-muted\\/70 > .h-5.w-5[aria-label=\"למה הציון?\"]",
    +                 ],
    +               },
    +               Object {
    +                 "html": "<span title=\"בדיקת אבטחה: תקין\" aria-label=\"בדיקת אבטחה: תקין\">",
    +                 "target": Array [
    +                   ".bg-accent-muted\\/70 > span[title=\"בדיקת אבטחה: תקין\"][aria-label=\"בדיקת אבטחה: תקין\"]",
    +                 ],
    +               },
    +               Object {
    +                 "html": "<a href=\"https://dronexl.co/2026/09/04/gopro-woodman-letter-cameras-starman-merger/\" target=\"_blank\" rel=\"noopener noreferrer\" data-testid=\"feed-row-title-link-763\" title=\"פתח מקור בכרטיסייה חדשה\" class=\"block truncate font-medium text-fg hover:text-accent hover:underline\">",
    +                 "target": Array [
    +                   "a[data-testid=\"feed-row-title-link-763\"]",
    +                 ],
    +               },
    +             ],
    +           },
    +         ],
    +         "failureSummary": "Fix any of the following:
    +   Element has children which are not allowed: [role=img], button[aria-label], span[aria-label], a",
    +         "html": "<div role=\"row\" data-testid=\"feed-row-763\" data-selected=\"true\" tabindex=\"-1\" aria-selected=\"true\" draggable=\"true\" class=\"absolute inset-x-0 flex h-16 items-center gap-3 border-b border-border px-3 text-sm cursor-pointer bg-accent-muted/70\" style=\"top: 0px;\">",
    +         "impact": "critical",
    +         "none": Array [],
    +         "target": Array [
    +           ".bg-accent-muted\\/70",
    +         ],
    +       },
    +       Object {
    +         "all": Array [],
    +         "any": Array [
    +           Object {
    +             "data": Object {
    +               "messageKey": "unallowed",
    +               "values": "[role=img], button[aria-label], span[aria-label], a",
    +             },
    +             "id": "aria-required-children",
    +             "impact": "critical",
    +             "message": "Element has children which are not allowed: [role=img], button[aria-label], span[aria-label], a",
    +             "relatedNodes": Array [
    +               Object {
    +                 "html": "<span role=\"img\" aria-label=\"רמת דחיפות: ארכיון\" class=\"inline-flex items-center gap-1 rounded-md font-medium text-level-archive bg-level-archive-bg px-1.5 py-0.5 text-xs\" data-level=\"archive\">",
    +                 "target": Array [
    +                   "div[data-testid=\"feed-row-761\"] > .inline-flex.text-level-archive.bg-level-archive-bg",
    +                 ],
    +               },
    +               Object {
    +                 "html": "<button type=\"button\" aria-expanded=\"false\" aria-label=\"למה הציון?\" title=\"למה הציון?\" class=\"flex shrink-0 items-center justify-center rounded-md text-fg-dim hover:bg-bg-sunken hover:text-fg h-5 w-5\">",
    +                 "target": Array [
    +                   "div[data-testid=\"feed-row-761\"] > .h-5.w-5[aria-label=\"למה הציון?\"]",
    +                 ],
    +               },
    +               Object {
    +                 "html": "<span title=\"בדיקת אבטחה: תקין\" aria-label=\"בדיקת אבטחה: תקין\">",
    +                 "target": Array [
    +                   "div[data-testid=\"feed-row-761\"] > span[title=\"בדיקת אבטחה: תקין\"][aria-label=\"בדיקת אבטחה: תקין\"]",
    +                 ],
    +               },
    +               Object {
    +                 "html": "<a href=\"https://dronexl.co/2026/09/04/dji-osmo-pocket-4p-venice-film-festival-panel/\" target=\"_blank\" rel=\"noopener noreferrer\" data-testid=\"feed-row-title-link-761\" title=\"פתח מקור בכרטיסייה חדשה\" class=\"block truncate font-medium text-fg hover:text-accent hover:underline\">",
    +                 "target": Array [
    +                   "a[data-testid=\"feed-row-title-link-761\"]",
    +                 ],
    +               },
    +             ],
    +           },
    +         ],
    +         "failureSummary": "Fix any of the following:
    +   Element has children which are not allowed: [role=img], button[aria-label], span[aria-label], a",
    +         "html": "<div role=\"row\" data-testid=\"feed-row-761\" data-selected=\"false\" tabindex=\"-1\" aria-selected=\"false\" draggable=\"true\" class=\"absolute inset-x-0 flex h-16 items-center gap-3 border-b border-border px-3 text-sm cursor-pointer hover:bg-bg-sunken\" style=\"top: 64px;\">",
    +         "impact": "critical",
    +         "none": Array [],
    +         "target": Array [
    +           "div[data-testid=\"feed-row-761\"]",
    +         ],
    +       },
    +       Object {
    +         "all": Array [],
    +         "any": Array [
    +           Object {
    +             "data": Object {
    +               "messageKey": "unallowed",
    +               "values": "[role=img], button[aria-label], span[aria-label], a",
    +             },
    +             "id": "aria-required-children",
    +             "impact": "critical",
    +             "message": "Element has children which are not allowed: [role=img], button[aria-label], span[aria-label], a",
    +             "relatedNodes": Array [
    +               Object {
    +                 "html": "<span role=\"img\" aria-label=\"רמת דחיפות: ארכיון\" class=\"inline-flex items-center gap-1 rounded-md font-medium text-level-archive bg-level-archive-bg px-1.5 py-0.5 text-xs\" data-level=\"archive\">",
    +                 "target": Array [
    +                   "div[data-testid=\"feed-row-721\"] > .inline-flex.text-level-archive.bg-level-archive-bg",
    +                 ],
    +               },
    +               Object {
    +                 "html": "<button type=\"button\" aria-expanded=\"false\" aria-label=\"למה הציון?\" title=\"למה הציון?\" class=\"flex shrink-0 items-center justify-center rounded-md text-fg-dim hover:bg-bg-sunken hover:text-fg h-5 w-5\">",
    +                 "target": Array [
    +                   "div[data-testid=\"feed-row-721\"] > .h-5.w-5[aria-label=\"למה הציון?\"]",
    +                 ],
    +               },
    +               Object {
    +                 "html": "<span title=\"בדיקת אבטחה: תקין\" aria-label=\"בדיקת אבטחה: תקין\">",
    +                 "target": Array [
    +                   "div[data-testid=\"feed-row-721\"] > span[title=\"בדיקת אבטחה: תקין\"][aria-label=\"בדיקת אבטחה: תקין\"]",
    +                 ],
    +               },
    +               Object {
    +                 "html": "<a href=\"https://www.dvidshub...\" target=\"_blank\" rel=\"noopener noreferrer\" data-testid=\"feed-row-title-link-...\" title=\"פתח מקור בכרטיסייה ח...\" class=\"block truncate font-...\">",
    +                 "target": Array [
    +                   "a[data-testid=\"feed-row-title-link-721\"]",
    +                 ],
    +               },
    +             ],
    +           },
    +         ],
    +         "failureSummary": "Fix any of the following:
    +   Element has children which are not allowed: [role=img], button[aria-label], span[aria-label], a",
    +         "html": "<div role=\"row\" data-testid=\"feed-row-721\" data-selected=\"false\" tabindex=\"-1\" aria-selected=\"false\" draggable=\"true\" class=\"absolute inset-x-0 flex h-16 items-center gap-3 border-b border-border px-3 text-sm cursor-pointer hover:bg-bg-sunken\" style=\"top: 128px;\">",
    +         "impact": "critical",
    +         "none": Array [],
    +         "target": Array [
    +           "div[data-testid=\"feed-row-721\"]",
    +         ],
    +       },
    +       Object {
    +         "all": Array [],
    +         "any": Array [
    +           Object {
    +             "data": Object {
    +               "messageKey": "unallowed",
    +               "values": "[role=img], button[aria-label], span[aria-label], a",
    +             },
    +             "id": "aria-required-children",
    +             "impact": "critical",
    +             "message": "Element has children which are not allowed: [role=img], button[aria-label], span[aria-label], a",
    +             "relatedNodes": Array [
    +               Object {
    +                 "html": "<span role=\"img\" aria-label=\"רמת דחיפות: ארכיון\" class=\"inline-flex items-center gap-1 rounded-md font-medium text-level-archive bg-level-archive-bg px-1.5 py-0.5 text-xs\" data-level=\"archive\">",
    +                 "target": Array [
    +                   "div[data-testid=\"feed-row-716\"] > .inline-flex.text-level-archive.bg-level-archive-bg",
    +                 ],
    +               },
    +               Object {
    +                 "html": "<button type=\"button\" aria-expanded=\"false\" aria-label=\"למה הציון?\" title=\"למה הציון?\" class=\"flex shrink-0 items-center justify-center rounded-md text-fg-dim hover:bg-bg-sunken hover:text-fg h-5 w-5\">",
    +                 "target": Array [
    +                   "div[data-testid=\"feed-row-716\"] > .h-5.w-5[aria-label=\"למה הציון?\"]",
    +                 ],
    +               },
    +               Object {
    +                 "html": "<span title=\"בדיקת אבטחה: תקין\" aria-label=\"בדיקת אבטחה: תקין\">",
    +                 "target": Array [
    +                   "div[data-testid=\"feed-row-716\"] > span[title=\"בדיקת אבטחה: תקין\"][aria-label=\"בדיקת אבטחה: תקין\"]",
    +                 ],
    +               },
    +               Object {
    +                 "html": "<a href=\"https://www.dvidshub.net/news/573983/multi-service-senior-enlisted-council-targets-joint-readiness\" target=\"_blank\" rel=\"noopener noreferrer\" data-testid=\"feed-row-title-link-716\" title=\"פתח מקור בכרטיסייה חדשה\" ...>",
    +                 "target": Array [
    +                   "a[data-testid=\"feed-row-title-link-716\"]",
    +                 ],
    +               },
    +             ],
    +           },
    +         ],
    +         "failureSummary": "Fix any of the following:
    +   Element has children which are not allowed: [role=img], button[aria-label], span[aria-label], a",
    +         "html": "<div role=\"row\" data-testid=\"feed-row-716\" data-selected=\"false\" tabindex=\"-1\" aria-selected=\"false\" draggable=\"true\" class=\"absolute inset-x-0 flex h-16 items-center gap-3 border-b border-border px-3 text-sm cursor-pointer hover:bg-bg-sunken\" style=\"top: 192px;\">",
    +         "impact": "critical",
    +         "none": Array [],
    +         "target": Array [
    +           "div[data-testid=\"feed-row-716\"]",
    +         ],
    +       },
    +       Object {
    +         "all": Array [],
    +         "any": Array [
    +           Object {
    +             "data": Object {
    +               "messageKey": "unallowed",
    +               "values": "[role=img], button[aria-label], span[aria-label], a",
    +             },
    +             "id": "aria-required-children",
    +             "impact": "critical",
    +             "message": "Element has children which are not allowed: [role=img], button[aria-label], span[aria-label], a",
    +             "relatedNodes": Array [
    +               Object {
    +                 "html": "<span role=\"img\" aria-label=\"רמת דחיפות: ארכיון\" class=\"inline-flex items-center gap-1 rounded-md font-medium text-level-archive bg-level-archive-bg px-1.5 py-0.5 text-xs\" data-level=\"archive\">",
    +                 "target": Array [
    +                   "div[data-testid=\"feed-row-712\"] > .inline-flex.text-level-archive.bg-level-archive-bg",
    +                 ],
    +               },
    +               Object {
    +                 "html": "<button type=\"button\" aria-expanded=\"false\" aria-label=\"למה הציון?\" title=\"למה הציון?\" class=\"flex shrink-0 items-center justify-center rounded-md text-fg-dim hover:bg-bg-sunken hover:text-fg h-5 w-5\">",
    +                 "target": Array [
    +                   "div[data-testid=\"feed-row-712\"] > .h-5.w-5[aria-label=\"למה הציון?\"]",
    +                 ],
    +               },
    +               Object {
    +                 "html": "<span title=\"בדיקת אבטחה: תקין\" aria-label=\"בדיקת אבטחה: תקין\">",
    +                 "target": Array [
    +                   "div[data-testid=\"feed-row-712\"] > span[title=\"בדיקת אבטחה: תקין\"][aria-label=\"בדיקת אבטחה: תקין\"]",
    +                 ],
    +               },
    +               Object {
    +                 "html": "<a href=\"https://www.dvidshub...\" target=\"_blank\" rel=\"noopener noreferrer\" data-testid=\"feed-row-title-link-...\" title=\"פתח מקור בכרטיסייה ח...\" class=\"block truncate font-...\">",
    +                 "target": Array [
    +                   "a[data-testid=\"feed-row-title-link-712\"]",
    +                 ],
    +               },
    +             ],
    +           },
    +         ],
    +         "failureSummary": "Fix any of the following:
    +   Element has children which are not allowed: [role=img], button[aria-label], span[aria-label], a",
    +         "html": "<div role=\"row\" data-testid=\"feed-row-712\" data-selected=\"false\" tabindex=\"-1\" aria-selected=\"false\" draggable=\"true\" class=\"absolute inset-x-0 flex h-16 items-center gap-3 border-b border-border px-3 text-sm cursor-pointer hover:bg-bg-sunken\" style=\"top: 256px;\">",
    +         "impact": "critical",
    +         "none": Array [],
    +         "target": Array [
    +           "div[data-testid=\"feed-row-712\"]",
    +         ],
    +       },
    +       Object {
    +         "all": Array [],
    +         "any": Array [
    +           Object {
    +             "data": Object {
    +               "messageKey": "unallowed",
    +               "values": "[role=img], button[aria-label], span[aria-label], a",
    +             },
    +             "id": "aria-required-children",
    +             "impact": "critical",
    +             "message": "Element has children which are not allowed: [role=img], button[aria-label], span[aria-label], a",
    +             "relatedNodes": Array [
    +               Object {
    +                 "html": "<span role=\"img\" aria-label=\"רמת דחיפות: ארכיון\" class=\"inline-flex items-center gap-1 rounded-md font-medium text-level-archive bg-level-archive-bg px-1.5 py-0.5 text-xs\" data-level=\"archive\">",
    +                 "target": Array [
    +                   "div[data-testid=\"feed-row-707\"] > .inline-flex.text-level-archive.bg-level-archive-bg",
    +                 ],
    +               },
    +               Object {
    +                 "html": "<button type=\"button\" aria-expanded=\"false\" aria-label=\"למה הציון?\" title=\"למה הציון?\" class=\"flex shrink-0 items-center justify-center rounded-md text-fg-dim hover:bg-bg-sunken hover:text-fg h-5 w-5\">",
    +                 "target": Array [
    +                   "div[data-testid=\"feed-row-707\"] > .h-5.w-5[aria-label=\"למה הציון?\"]",
    +                 ],
    +               },
    +               Object {
    +                 "html": "<span title=\"בדיקת אבטחה: תקין\" aria-label=\"בדיקת אבטחה: תקין\">",
    +                 "target": Array [
    +                   "div[data-testid=\"feed-row-707\"] > span[title=\"בדיקת אבטחה: תקין\"][aria-label=\"בדיקת אבטחה: תקין\"]",
    +                 ],
    +               },
    +               Object {
    +                 "html": "<a href=\"https://www.dvidshub.net/news/573985/memory-and-light-usag-italy-readies-mark-25-years-since-9-11\" target=\"_blank\" rel=\"noopener noreferrer\" data-testid=\"feed-row-title-link-707\" title=\"פתח מקור בכרטיסייה חדשה\" ...>",
    +                 "target": Array [
    +                   "a[data-testid=\"feed-row-title-link-707\"]",
    +                 ],
    +               },
    +             ],
    +           },
    +         ],
    +         "failureSummary": "Fix any of the following:
    +   Element has children which are not allowed: [role=img], button[aria-label], span[aria-label], a",
    +         "html": "<div role=\"row\" data-testid=\"feed-row-707\" data-selected=\"false\" tabindex=\"-1\" aria-selected=\"false\" draggable=\"true\" class=\"absolute inset-x-0 flex h-16 items-center gap-3 border-b border-border px-3 text-sm cursor-pointer hover:bg-bg-sunken\" style=\"top: 320px;\">",
    +         "impact": "critical",
    +         "none": Array [],
    +         "target": Array [
    +           "div[data-testid=\"feed-row-707\"]",
    +         ],
    +       },
    +       Object {
    +         "all": Array [],
    +         "any": Array [
    +           Object {
    +             "data": Object {
    +               "messageKey": "unallowed",
    +               "values": "[role=img], button[aria-label], span[aria-label], a",
    +             },
    +             "id": "aria-required-children",
    +             "impact": "critical",
    +             "message": "Element has children which are not allowed: [role=img], button[aria-label], span[aria-label], a",
    +             "relatedNodes": Array [
    +               Object {
    +                 "html": "<span role=\"img\" aria-label=\"רמת דחיפות: ארכיון\" class=\"inline-flex items-center gap-1 rounded-md font-medium text-level-archive bg-level-archive-bg px-1.5 py-0.5 text-xs\" data-level=\"archive\">",
    +                 "target": Array [
    +                   "div[data-testid=\"feed-row-702\"] > .inline-flex.text-level-archive.bg-level-archive-bg",
    +                 ],
    +               },
    +               Object {
    +                 "html": "<button type=\"button\" aria-expanded=\"false\" aria-label=\"למה הציון?\" title=\"למה הציון?\" class=\"flex shrink-0 items-center justify-center rounded-md text-fg-dim hover:bg-bg-sunken hover:text-fg h-5 w-5\">",
    +                 "target": Array [
    +                   "div[data-testid=\"feed-row-702\"] > .h-5.w-5[aria-label=\"למה הציון?\"]",
    +                 ],
    +               },
    +               Object {
    +                 "html": "<span title=\"בדיקת אבטחה: תקין\" aria-label=\"בדיקת אבטחה: תקין\">",
    +                 "target": Array [
    +                   "div[data-testid=\"feed-row-702\"] > span[title=\"בדיקת אבטחה: תקין\"][aria-label=\"בדיקת אבטחה: תקין\"]",
    +                 ],
    +               },
    +               Object {
    +                 "html": "<a href=\"https://www.dvidshub...\" target=\"_blank\" rel=\"noopener noreferrer\" data-testid=\"feed-row-title-link-...\" title=\"פתח מקור בכרטיסייה ח...\" class=\"block truncate font-...\">",
    +                 "target": Array [
    +                   "a[data-testid=\"feed-row-title-link-702\"]",
    +                 ],
    +               },
    +             ],
    +           },
    +         ],
    +         "failureSummary": "Fix any of the following:
    +   Element has children which are not allowed: [role=img], button[aria-label], span[aria-label], a",
    +         "html": "<div role=\"row\" data-testid=\"feed-row-702\" data-selected=\"false\" tabindex=\"-1\" aria-selected=\"false\" draggable=\"true\" class=\"absolute inset-x-0 flex h-16 items-center gap-3 border-b border-border px-3 text-sm cursor-pointer hover:bg-bg-sunken\" style=\"top: 384px;\">",
    +         "impact": "critical",
    +         "none": Array [],
    +         "target": Array [
    +           "div[data-testid=\"feed-row-702\"]",
    +         ],
    +       },
    +       Object {
    +         "all": Array [],
    +         "any": Array [
    +           Object {
    +             "data": Object {
    +               "messageKey": "unallowed",
    +               "values": "[role=img], button[aria-label], span[aria-label], a",
    +             },
    +             "id": "aria-required-children",
    +             "impact": "critical",
    +             "message": "Element has children which are not allowed: [role=img], button[aria-label], span[aria-label], a",
    +             "relatedNodes": Array [
    +               Object {
    +                 "html": "<span role=\"img\" aria-label=\"רמת דחיפות: ארכיון\" class=\"inline-flex items-center gap-1 rounded-md font-medium text-level-archive bg-level-archive-bg px-1.5 py-0.5 text-xs\" data-level=\"archive\">",
    +                 "target": Array [
    +                   "div[data-testid=\"feed-row-608\"] > .inline-flex.text-level-archive.bg-level-archive-bg",
    +                 ],
    +               },
    +               Object {
    +                 "html": "<button type=\"button\" aria-expanded=\"false\" aria-label=\"למה הציון?\" title=\"למה הציון?\" class=\"flex shrink-0 items-center justify-center rounded-md text-fg-dim hover:bg-bg-sunken hover:text-fg h-5 w-5\">",
    +                 "target": Array [
    +                   "div[data-testid=\"feed-row-608\"] > .h-5.w-5[aria-label=\"למה הציון?\"]",
    +                 ],
    +               },
    +               Object {
    +                 "html": "<span title=\"בדיקת אבטחה: תקין\" aria-label=\"בדיקת אבטחה: תקין\">",
    +                 "target": Array [
    +                   "div[data-testid=\"feed-row-608\"] > span[title=\"בדיקת אבטחה: תקין\"][aria-label=\"בדיקת אבטחה: תקין\"]",
    +                 ],
    +               },
    +               Object {
    +                 "html": "<a href=\"https://www.defensen...\" target=\"_blank\" rel=\"noopener noreferrer\" data-testid=\"feed-row-title-link-...\" title=\"פתח מקור בכרטיסייה ח...\" class=\"block truncate font-...\">",
    +                 "target": Array [
    +                   "a[data-testid=\"feed-row-title-link-608\"]",
    +                 ],
    +               },
    +             ],
    +           },
    +         ],
    +         "failureSummary": "Fix any of the following:
    +   Element has children which are not allowed: [role=img], button[aria-label], span[aria-label], a",
    +         "html": "<div role=\"row\" data-testid=\"feed-row-608\" data-selected=\"false\" tabindex=\"-1\" aria-selected=\"false\" draggable=\"true\" class=\"absolute inset-x-0 flex h-16 items-center gap-3 border-b border-border px-3 text-sm cursor-pointer hover:bg-bg-sunken\" style=\"top: 448px;\">",
    +         "impact": "critical",
    +         "none": Array [],
    +         "target": Array [
    +           "div[data-testid=\"feed-row-608\"]",
    +         ],
    +       },
    +       Object {
    +         "all": Array [],
    +         "any": Array [
    +           Object {
    +             "data": Object {
    +               "messageKey": "unallowed",
    +               "values": "[role=img], button[aria-label], span[aria-label], a",
    +             },
    +             "id": "aria-required-children",
    +             "impact": "critical",
    +             "message": "Element has children which are not allowed: [role=img], button[aria-label], span[aria-label], a",
    +             "relatedNodes": Array [
    +               Object {
    +                 "html": "<span role=\"img\" aria-label=\"רמת דחיפות: ארכיון\" class=\"inline-flex items-center gap-1 rounded-md font-medium text-level-archive bg-level-archive-bg px-1.5 py-0.5 text-xs\" data-level=\"archive\">",
    +                 "target": Array [
    +                   "div[data-testid=\"feed-row-606\"] > .inline-flex.text-level-archive.bg-level-archive-bg",
    +                 ],
    +               },
    +               Object {
    +                 "html": "<button type=\"button\" aria-expanded=\"false\" aria-label=\"למה הציון?\" title=\"למה הציון?\" class=\"flex shrink-0 items-center justify-center rounded-md text-fg-dim hover:bg-bg-sunken hover:text-fg h-5 w-5\">",
    +                 "target": Array [
    +                   "div[data-testid=\"feed-row-606\"] > .h-5.w-5[aria-label=\"למה הציון?\"]",
    +                 ],
    +               },
    +               Object {
    +                 "html": "<span title=\"בדיקת אבטחה: תקין\" aria-label=\"בדיקת אבטחה: תקין\">",
    +                 "target": Array [
    +                   "div[data-testid=\"feed-row-606\"] > span[title=\"בדיקת אבטחה: תקין\"][aria-label=\"בדיקת אבטחה: תקין\"]",
    +                 ],
    +               },
    +               Object {
    +                 "html": "<a href=\"https://breakingdefe...\" target=\"_blank\" rel=\"noopener noreferrer\" data-testid=\"feed-row-title-link-...\" title=\"פתח מקור בכרטיסייה ח...\" class=\"block truncate font-...\">",
    +                 "target": Array [
    +                   "a[data-testid=\"feed-row-title-link-606\"]",
    +                 ],
    +               },
    +             ],
    +           },
    +         ],
    +         "failureSummary": "Fix any of the following:
    +   Element has children which are not allowed: [role=img], button[aria-label], span[aria-label], a",
    +         "html": "<div role=\"row\" data-testid=\"feed-row-606\" data-selected=\"false\" tabindex=\"-1\" aria-selected=\"false\" draggable=\"true\" class=\"absolute inset-x-0 flex h-16 items-center gap-3 border-b border-border px-3 text-sm cursor-pointer hover:bg-bg-sunken\" style=\"top: 512px;\">",
    +         "impact": "critical",
    +         "none": Array [],
    +         "target": Array [
    +           "div[data-testid=\"feed-row-606\"]",
    +         ],
    +       },
    +       Object {
    +         "all": Array [],
    +         "any": Array [
    +           Object {
    +             "data": Object {
    +               "messageKey": "unallowed",
    +               "values": "[role=img], button[aria-label], span[aria-label], a",
    +             },
    +             "id": "aria-required-children",
    +             "impact": "critical",
    +             "message": "Element has children which are not allowed: [role=img], button[aria-label], span[aria-label], a",
    +             "relatedNodes": Array [
    +               Object {
    +                 "html": "<span role=\"img\" aria-label=\"רמת דחיפות: ארכיון\" class=\"inline-flex items-center gap-1 rounded-md font-medium text-level-archive bg-level-archive-bg px-1.5 py-0.5 text-xs\" data-level=\"archive\">",
    +                 "target": Array [
    +                   "div[data-testid=\"feed-row-603\"] > .inline-flex.text-level-archive.bg-level-archive-bg",
    +                 ],
    +               },
    +               Object {
    +                 "html": "<button type=\"button\" aria-expanded=\"false\" aria-label=\"למה הציון?\" title=\"למה הציון?\" class=\"flex shrink-0 items-center justify-center rounded-md text-fg-dim hover:bg-bg-sunken hover:text-fg h-5 w-5\">",
    +                 "target": Array [
    +                   "div[data-testid=\"feed-row-603\"] > .h-5.w-5[aria-label=\"למה הציון?\"]",
    +                 ],
    +               },
    +               Object {
    +                 "html": "<span title=\"בדיקת אבטחה: תקין\" aria-label=\"בדיקת אבטחה: תקין\">",
    +                 "target": Array [
    +                   "div[data-testid=\"feed-row-603\"] > span[title=\"בדיקת אבטחה: תקין\"][aria-label=\"בדיקת אבטחה: תקין\"]",
    +                 ],
    +               },
    +               Object {
    +                 "html": "<a href=\"https://www.techrada...\" target=\"_blank\" rel=\"noopener noreferrer\" data-testid=\"feed-row-title-link-...\" title=\"פתח מקור בכרטיסייה ח...\" class=\"block truncate font-...\">",
    +                 "target": Array [
    +                   "a[data-testid=\"feed-row-title-link-603\"]",
    +                 ],
    +               },
    +             ],
    +           },
    +         ],
    +         "failureSummary": "Fix any of the following:
    +   Element has children which are not allowed: [role=img], button[aria-label], span[aria-label], a",
    +         "html": "<div role=\"row\" data-testid=\"feed-row-603\" data-selected=\"false\" tabindex=\"-1\" aria-selected=\"false\" draggable=\"true\" class=\"absolute inset-x-0 flex h-16 items-center gap-3 border-b border-border px-3 text-sm cursor-pointer hover:bg-bg-sunken\" style=\"top: 576px;\">",
    +         "impact": "critical",
    +         "none": Array [],
    +         "target": Array [
    +           "div[data-testid=\"feed-row-603\"]",
    +         ],
    +       },
    +       Object {
    +         "all": Array [],
    +         "any": Array [
    +           Object {
    +             "data": Object {
    +               "messageKey": "unallowed",
    +               "values": "[role=img], button[aria-label], span[aria-label], a",
    +             },
    +             "id": "aria-required-children",
    +             "impact": "critical",
    +             "message": "Element has children which are not allowed: [role=img], button[aria-label], span[aria-label], a",
    +             "relatedNodes": Array [
    +               Object {
    +                 "html": "<span role=\"img\" aria-label=\"רמת דחיפות: ארכיון\" class=\"inline-flex items-center gap-1 rounded-md font-medium text-level-archive bg-level-archive-bg px-1.5 py-0.5 text-xs\" data-level=\"archive\">",
    +                 "target": Array [
    +                   "div[data-testid=\"feed-row-602\"] > .inline-flex.text-level-archive.bg-level-archive-bg",
    +                 ],
    +               },
    +               Object {
    +                 "html": "<button type=\"button\" aria-expanded=\"false\" aria-label=\"למה הציון?\" title=\"למה הציון?\" class=\"flex shrink-0 items-center justify-center rounded-md text-fg-dim hover:bg-bg-sunken hover:text-fg h-5 w-5\">",
    +                 "target": Array [
    +                   "div[data-testid=\"feed-row-602\"] > .h-5.w-5[aria-label=\"למה הציון?\"]",
    +                 ],
    +               },
    +               Object {
    +                 "html": "<span title=\"בדיקת אבטחה: תקין\" aria-label=\"בדיקת אבטחה: תקין\">",
    +                 "target": Array [
    +                   "div[data-testid=\"feed-row-602\"] > span[title=\"בדיקת אבטחה: תקין\"][aria-label=\"בדיקת אבטחה: תקין\"]",
    +                 ],
    +               },
    +               Object {
    +                 "html": "<a href=\"https://simple.wikipedia.org/wiki/Infrared\" target=\"_blank\" rel=\"noopener noreferrer\" data-testid=\"feed-row-title-link-602\" title=\"פתח מקור בכרטיסייה חדשה\" class=\"block truncate font-medium text-fg hover:text-accent hover:underline\">",
    +                 "target": Array [
    +                   "a[data-testid=\"feed-row-title-link-602\"]",
    +                 ],
    +               },
    +             ],
    +           },
    +         ],
    +         "failureSummary": "Fix any of the following:
    +   Element has children which are not allowed: [role=img], button[aria-label], span[aria-label], a",
    +         "html": "<div role=\"row\" data-testid=\"feed-row-602\" data-selected=\"false\" tabindex=\"-1\" aria-selected=\"false\" draggable=\"true\" class=\"absolute inset-x-0 flex h-16 items-center gap-3 border-b border-border px-3 text-sm cursor-pointer hover:bg-bg-sunken\" style=\"top: 640px;\">",
    +         "impact": "critical",
    +         "none": Array [],
    +         "target": Array [
    +           "div[data-testid=\"feed-row-602\"]",
    +         ],
    +       },
    +       Object {
    +         "all": Array [],
    +         "any": Array [
    +           Object {
    +             "data": Object {
    +               "messageKey": "unallowed",
    +               "values": "[role=img], button[aria-label], span[aria-label], a",
    +             },
    +             "id": "aria-required-children",
    +             "impact": "critical",
    +             "message": "Element has children which are not allowed: [role=img], button[aria-label], span[aria-label], a",
    +             "relatedNodes": Array [
    +               Object {
    +                 "html": "<span role=\"img\" aria-label=\"רמת דחיפות: ארכיון\" class=\"inline-flex items-center gap-1 rounded-md font-medium text-level-archive bg-level-archive-bg px-1.5 py-0.5 text-xs\" data-level=\"archive\">",
    +                 "target": Array [
    +                   "div[data-testid=\"feed-row-601\"] > .inline-flex.text-level-archive.bg-level-archive-bg",
    +                 ],
    +               },
    +               Object {
    +                 "html": "<button type=\"button\" aria-expanded=\"false\" aria-label=\"למה הציון?\" title=\"למה הציון?\" class=\"flex shrink-0 items-center justify-center rounded-md text-fg-dim hover:bg-bg-sunken hover:text-fg h-5 w-5\">",
    +                 "target": Array [
    +                   "div[data-testid=\"feed-row-601\"] > .h-5.w-5[aria-label=\"למה הציון?\"]",
    +                 ],
    +               },
    +               Object {
    +                 "html": "<span title=\"בדיקת אבטחה: תקין\" aria-label=\"בדיקת אבטחה: תקין\">",
    +                 "target": Array [
    +                   "div[data-testid=\"feed-row-601\"] > span[title=\"בדיקת אבטחה: תקין\"][aria-label=\"בדיקת אבטחה: תקין\"]",
    +                 ],
    +               },
    +               Object {
    +                 "html": "<a href=\"https://coolcosmos.ipac.caltech.edu/page/what_is_infrared\" target=\"_blank\" rel=\"noopener noreferrer\" data-testid=\"feed-row-title-link-601\" title=\"פתח מקור בכרטיסייה חדשה\" class=\"block truncate font-medium text-fg hover:text-accent hover:underline\">",
    +                 "target": Array [
    +                   "a[data-testid=\"feed-row-title-link-601\"]",
    +                 ],
    +               },
    +             ],
    +           },
    +         ],
    +         "failureSummary": "Fix any of the following:
    +   Element has children which are not allowed: [role=img], button[aria-label], span[aria-label], a",
    +         "html": "<div role=\"row\" data-testid=\"feed-row-601\" data-selected=\"false\" tabindex=\"-1\" aria-selected=\"false\" draggable=\"true\" class=\"absolute inset-x-0 flex h-16 items-center gap-3 border-b border-border px-3 text-sm cursor-pointer hover:bg-bg-sunken\" style=\"top: 704px;\">",
    +         "impact": "critical",
    +         "none": Array [],
    +         "target": Array [
    +           "div[data-testid=\"feed-row-601\"]",
    +         ],
    +       },
    +       Object {
    +         "all": Array [],
    +         "any": Array [
    +           Object {
    +             "data": Object {
    +               "messageKey": "unallowed",
    +               "values": "[role=img], button[aria-label], span[aria-label], a",
    +             },
    +             "id": "aria-required-children",
    +             "impact": "critical",
    +             "message": "Element has children which are not allowed: [role=img], button[aria-label], span[aria-label], a",
    +             "relatedNodes": Array [
    +               Object {
    +                 "html": "<span role=\"img\" aria-label=\"רמת דחיפות: ארכיון\" class=\"inline-flex items-center gap-1 rounded-md font-medium text-level-archive bg-level-archive-bg px-1.5 py-0.5 text-xs\" data-level=\"archive\">",
    +                 "target": Array [
    +                   "div[data-testid=\"feed-row-600\"] > .inline-flex.text-level-archive.bg-level-archive-bg",
    +                 ],
    +               },
    +               Object {
    +                 "html": "<button type=\"button\" aria-expanded=\"false\" aria-label=\"למה הציון?\" title=\"למה הציון?\" class=\"flex shrink-0 items-center justify-center rounded-md text-fg-dim hover:bg-bg-sunken hover:text-fg h-5 w-5\">",
    +                 "target": Array [
    +                   "div[data-testid=\"feed-row-600\"] > .h-5.w-5[aria-label=\"למה הציון?\"]",
    +                 ],
    +               },
    +               Object {
    +                 "html": "<span title=\"בדיקת אבטחה: תקין\" aria-label=\"בדיקת אבטחה: תקין\">",
    +                 "target": Array [
    +                   "div[data-testid=\"feed-row-600\"] > span[title=\"בדיקת אבטחה: תקין\"][aria-label=\"בדיקת אבטחה: תקין\"]",
    +                 ],
    +               },
    +               Object {
    +                 "html": "<a href=\"https://en.wikipedia.org/wiki/Infrared_spectroscopy\" target=\"_blank\" rel=\"noopener noreferrer\" data-testid=\"feed-row-title-link-600\" title=\"פתח מקור בכרטיסייה חדשה\" class=\"block truncate font-medium text-fg hover:text-accent hover:underline\"><bdi>Infrared spectroscopy - Wikipedia</bdi></a>",
    +                 "target": Array [
    +                   "a[data-testid=\"feed-row-title-link-600\"]",
    +                 ],
    +               },
    +             ],
    +           },
    +         ],
    +         "failureSummary": "Fix any of the following:
    +   Element has children which are not allowed: [role=img], button[aria-label], span[aria-label], a",
    +         "html": "<div role=\"row\" data-testid=\"feed-row-600\" data-selected=\"false\" tabindex=\"-1\" aria-selected=\"false\" draggable=\"true\" class=\"absolute inset-x-0 flex h-16 items-center gap-3 border-b border-border px-3 text-sm cursor-pointer hover:bg-bg-sunken\" style=\"top: 768px;\">",
    +         "impact": "critical",
    +         "none": Array [],
    +         "target": Array [
    +           "div[data-testid=\"feed-row-600\"]",
    +         ],
    +       },
    +       Object {
    +         "all": Array [],
    +         "any": Array [
    +           Object {
    +             "data": Object {
    +               "messageKey": "unallowed",
    +               "values": "[role=img], button[aria-label], span[aria-label], a",
    +             },
    +             "id": "aria-required-children",
    +             "impact": "critical",
    +             "message": "Element has children which are not allowed: [role=img], button[aria-label], span[aria-label], a",
    +             "relatedNodes": Array [
    +               Object {
    +                 "html": "<span role=\"img\" aria-label=\"רמת דחיפות: ארכיון\" class=\"inline-flex items-center gap-1 rounded-md font-medium text-level-archive bg-level-archive-bg px-1.5 py-0.5 text-xs\" data-level=\"archive\">",
    +                 "target": Array [
    +                   "div[data-testid=\"feed-row-599\"] > .inline-flex.text-level-archive.bg-level-archive-bg",
    +                 ],
    +               },
    +               Object {
    +                 "html": "<button type=\"button\" aria-expanded=\"false\" aria-label=\"למה הציון?\" title=\"למה הציון?\" class=\"flex shrink-0 items-center justify-center rounded-md text-fg-dim hover:bg-bg-sunken hover:text-fg h-5 w-5\">",
    +                 "target": Array [
    +                   "div[data-testid=\"feed-row-599\"] > .h-5.w-5[aria-label=\"למה הציון?\"]",
    +                 ],
    +               },
    +               Object {
    +                 "html": "<span title=\"בדיקת אבטחה: תקין\" aria-label=\"בדיקת אבטחה: תקין\">",
    +                 "target": Array [
    +                   "div[data-testid=\"feed-row-599\"] > span[title=\"בדיקת אבטחה: תקין\"][aria-label=\"בדיקת אבטחה: תקין\"]",
    +                 ],
    +               },
    +               Object {
    +                 "html": "<a href=\"https://science.nasa.gov/ems/07_infraredwaves/\" target=\"_blank\" rel=\"noopener noreferrer\" data-testid=\"feed-row-title-link-599\" title=\"פתח מקור בכרטיסייה חדשה\" class=\"block truncate font-medium text-fg hover:text-accent hover:underline\"><bdi>Infrared Waves - NASA Science</bdi></a>",
    +                 "target": Array [
    +                   "a[data-testid=\"feed-row-title-link-599\"]",
    +                 ],
    +               },
    +             ],
    +           },
    +         ],
    +         "failureSummary": "Fix any of the following:
    +   Element has children which are not allowed: [role=img], button[aria-label], span[aria-label], a",
    +         "html": "<div role=\"row\" data-testid=\"feed-row-599\" data-selected=\"false\" tabindex=\"-1\" aria-selected=\"false\" draggable=\"true\" class=\"absolute inset-x-0 flex h-16 items-center gap-3 border-b border-border px-3 text-sm cursor-pointer hover:bg-bg-sunken\" style=\"top: 832px;\">",
    +         "impact": "critical",
    +         "none": Array [],
    +         "target": Array [
    +           "div[data-testid=\"feed-row-599\"]",
    +         ],
    +       },
    +       Object {
    +         "all": Array [],
    +         "any": Array [
    +           Object {
    +             "data": Object {
    +               "messageKey": "unallowed",
    +               "values": "[role=img], button[aria-label], span[aria-label], a",
    +             },
    +             "id": "aria-required-children",
    +             "impact": "critical",
    +             "message": "Element has children which are not allowed: [role=img], button[aria-label], span[aria-label], a",
    +             "relatedNodes": Array [
    +               Object {
    +                 "html": "<span role=\"img\" aria-label=\"רמת דחיפות: ארכיון\" class=\"inline-flex items-center gap-1 rounded-md font-medium text-level-archive bg-level-archive-bg px-1.5 py-0.5 text-xs\" data-level=\"archive\">",
    +                 "target": Array [
    +                   "div[data-testid=\"feed-row-598\"] > .inline-flex.text-level-archive.bg-level-archive-bg",
    +                 ],
    +               },
    +               Object {
    +                 "html": "<button type=\"button\" aria-expanded=\"false\" aria-label=\"למה הציון?\" title=\"למה הציון?\" class=\"flex shrink-0 items-center justify-center rounded-md text-fg-dim hover:bg-bg-sunken hover:text-fg h-5 w-5\">",
    +                 "target": Array [
    +                   "div[data-testid=\"feed-row-598\"] > .h-5.w-5[aria-label=\"למה הציון?\"]",
    +                 ],
    +               },
    +               Object {
    +                 "html": "<span title=\"בדיקת אבטחה: תקין\" aria-label=\"בדיקת אבטחה: תקין\">",
    +                 "target": Array [
    +                   "div[data-testid=\"feed-row-598\"] > span[title=\"בדיקת אבטחה: תקין\"][aria-label=\"בדיקת אבטחה: תקין\"]",
    +                 ],
    +               },
    +               Object {
    +                 "html": "<a href=\"https://sciencenotes.org/infrared-light-infrared-radiation/\" target=\"_blank\" rel=\"noopener noreferrer\" data-testid=\"feed-row-title-link-598\" title=\"פתח מקור בכרטיסייה חדשה\" class=\"block truncate font-medium text-fg hover:text-accent hover:underline\">",
    +                 "target": Array [
    +                   "a[data-testid=\"feed-row-title-link-598\"]",
    +                 ],
    +               },
    +             ],
    +           },
    +         ],
    +         "failureSummary": "Fix any of the following:
    +   Element has children which are not allowed: [role=img], button[aria-label], span[aria-label], a",
    +         "html": "<div role=\"row\" data-testid=\"feed-row-598\" data-selected=\"false\" tabindex=\"-1\" aria-selected=\"false\" draggable=\"true\" class=\"absolute inset-x-0 flex h-16 items-center gap-3 border-b border-border px-3 text-sm cursor-pointer hover:bg-bg-sunken\" style=\"top: 896px;\">",
    +         "impact": "critical",
    +         "none": Array [],
    +         "target": Array [
    +           "div[data-testid=\"feed-row-598\"]",
    +         ],
    +       },
    +       Object {
    +         "all": Array [],
    +         "any": Array [
    +           Object {
    +             "data": Object {
    +               "messageKey": "unallowed",
    +               "values": "[role=img], button[aria-label], span[aria-label], a",
    +             },
    +             "id": "aria-required-children",
    +             "impact": "critical",
    +             "message": "Element has children which are not allowed: [role=img], button[aria-label], span[aria-label], a",
    +             "relatedNodes": Array [
    +               Object {
    +                 "html": "<span role=\"img\" aria-label=\"רמת דחיפות: ארכיון\" class=\"inline-flex items-center gap-1 rounded-md font-medium text-level-archive bg-level-archive-bg px-1.5 py-0.5 text-xs\" data-level=\"archive\">",
    +                 "target": Array [
    +                   "div[data-testid=\"feed-row-597\"] > .inline-flex.text-level-archive.bg-level-archive-bg",
    +                 ],
    +               },
    +               Object {
    +                 "html": "<button type=\"button\" aria-expanded=\"false\" aria-label=\"למה הציון?\" title=\"למה הציון?\" class=\"flex shrink-0 items-center justify-center rounded-md text-fg-dim hover:bg-bg-sunken hover:text-fg h-5 w-5\">",
    +                 "target": Array [
    +                   "div[data-testid=\"feed-row-597\"] > .h-5.w-5[aria-label=\"למה הציון?\"]",
    +                 ],
    +               },
    +               Object {
    +                 "html": "<span title=\"בדיקת אבטחה: תקין\" aria-label=\"בדיקת אבטחה: תקין\">",
    +                 "target": Array [
    +                   "div[data-testid=\"feed-row-597\"] > span[title=\"בדיקת אבטחה: תקין\"][aria-label=\"בדיקת אבטחה: תקין\"]",
    +                 ],
    +               },
    +               Object {
    +                 "html": "<a href=\"https://www.britannica.com/science/infrared-radiation\" target=\"_blank\" rel=\"noopener noreferrer\" data-testid=\"feed-row-title-link-597\" title=\"פתח מקור בכרטיסייה חדשה\" class=\"block truncate font-medium text-fg hover:text-accent hover:underline\">",
    +                 "target": Array [
    +                   "a[data-testid=\"feed-row-title-link-597\"]",
    +                 ],
    +               },
    +             ],
    +           },
    +         ],
    +         "failureSummary": "Fix any of the following:
    +   Element has children which are not allowed: [role=img], button[aria-label], span[aria-label], a",
    +         "html": "<div role=\"row\" data-testid=\"feed-row-597\" data-selected=\"false\" tabindex=\"-1\" aria-selected=\"false\" draggable=\"true\" class=\"absolute inset-x-0 flex h-16 items-center gap-3 border-b border-border px-3 text-sm cursor-pointer hover:bg-bg-sunken\" style=\"top: 960px;\">",
    +         "impact": "critical",
    +         "none": Array [],
    +         "target": Array [
    +           "div[data-testid=\"feed-row-597\"]",
    +         ],
    +       },
    +     ],
    +     "tags": Array [
    +       "cat.aria",
    +       "wcag2a",
    +       "wcag131",
    +       "EN-301-549",
    +       "EN-9.1.3.1",
    +       "RGAAv4",
    +       "RGAA-9.3.1",
    +     ],
    +   },
    +   Object {
    +     "description": "Ensure buttons have discernible text",
    +     "help": "Buttons must have discernible text",
    +     "helpUrl": "https://dequeuniversity.com/rules/axe/4.13/button-name?application=playwright",
    +     "id": "button-name",
    +     "impact": "critical",
    +     "nodes": Array [
    +       Object {
    +         "all": Array [],
    +         "any": Array [
    +           Object {
    +             "data": null,
    +             "id": "button-has-visible-text",
    +             "impact": "critical",
    +             "message": "Element does not have inner text that is visible to screen readers",
    +             "relatedNodes": Array [],
    +           },
    +           Object {
    +             "data": null,
    +             "id": "aria-label",
    +             "impact": "critical",
    +             "message": "aria-label attribute does not exist or is empty",
    +             "relatedNodes": Array [],
    +           },
    +           Object {
    +             "data": null,
    +             "id": "aria-labelledby",
    +             "impact": "critical",
    +             "message": "aria-labelledby attribute does not exist, references elements that do not exist or references elements that are empty",
    +             "relatedNodes": Array [],
    +           },
    +           Object {
    +             "data": Object {
    +               "messageKey": "noAttr",
    +             },
    +             "id": "non-empty-title",
    +             "impact": "critical",
    +             "message": "Element has no title attribute",
    +             "relatedNodes": Array [],
    +           },
    +           Object {
    +             "data": null,
    +             "id": "implicit-label",
    +             "impact": "critical",
    +             "message": "Element does not have an implicit (wrapped) <label>",
    +             "relatedNodes": Array [],
    +           },
    +           Object {
    +             "data": null,
    +             "id": "explicit-label",
    +             "impact": "critical",
    +             "message": "Element does not have an explicit <label>",
    +             "relatedNodes": Array [],
    +           },
    +           Object {
    +             "data": null,
    +             "id": "presentational-role",
    +             "impact": "critical",
    +             "message": "Element's default semantics were not overridden with role=\"none\" or role=\"presentation\"",
    +             "relatedNodes": Array [],
    +           },
    +         ],
    +         "failureSummary": "Fix any of the following:
    +   Element does not have inner text that is visible to screen readers
    +   aria-label attribute does not exist or is empty
    +   aria-labelledby attribute does not exist, references elements that do not exist or references elements that are empty
    +   Element has no title attribute
    +   Element does not have an implicit (wrapped) <label>
    +   Element does not have an explicit <label>
    +   Element's default semantics were not overridden with role=\"none\" or role=\"presentation\"",
    +         "html": "<button type=\"button\" class=\"flex shrink-0 items-center gap-1.5 rounded-md bg-accent px-2 py-1.5 text-sm font-medium text-accent-fg hover:opacity-90 disabled:opacity-60 sm:px-3\">",
    +         "impact": "critical",
    +         "none": Array [],
    +         "target": Array [
    +           ".gap-1\\.5",
    +         ],
    +       },
    +     ],
    +     "tags": Array [
    +       "cat.name-role-value",
    +       "wcag2a",
    +       "wcag412",
    +       "section508",
    +       "section508.22.a",
    +       "TTv5",
    +       "TT6.a",
    +       "EN-301-549",
    +       "EN-9.4.1.2",
    +       "ACT",
    +       "RGAAv4",
    +       "RGAA-11.9.1",
    +     ],
    +   },
    + ]

      66 |           .map((v) => `${v.id}: ${v.help} (${v.nodes.length} node(s)) — ${v.nodes[0]?.target.join(" ")}`)
      67 |           .join("\n");
    > 68 |         expect(critical, `Critical axe violations on ${screen.path}:\n${details}`).toEqual([]);
         |                                                                                    ^
      69 |       }
      70 |
      71 |       // Non-critical violations are recorded as an attachment for visibility
        at C:\Users\cohyo\Documents\EO-analyst\e2e\tests\13-accessibility.spec.ts:68:84

    attachment #1: screenshot (image/png) ──────────────────────────────────────────────────────────
    test-results\13-accessibility-Accessibi-652fa--has-no-critical-violations-mobile-390x844\test-failed-1.png
    ────────────────────────────────────────────────────────────────────────────────────────────────

    attachment #2: video (video/webm) ──────────────────────────────────────────────────────────────
    test-results\13-accessibility-Accessibi-652fa--has-no-critical-violations-mobile-390x844\video-1.webm
    ────────────────────────────────────────────────────────────────────────────────────────────────

    attachment #3: video (video/webm) ──────────────────────────────────────────────────────────────
    test-results\13-accessibility-Accessibi-652fa--has-no-critical-violations-mobile-390x844\video.webm
    ────────────────────────────────────────────────────────────────────────────────────────────────

    Error Context: test-results\13-accessibility-Accessibi-652fa--has-no-critical-violations-mobile-390x844\error-context.md

    attachment #5: trace (application/zip) ─────────────────────────────────────────────────────────
    test-results\13-accessibility-Accessibi-652fa--has-no-critical-violations-mobile-390x844\trace.zip
    Usage:

        npx playwright show-trace test-results\13-accessibility-Accessibi-652fa--has-no-critical-violations-mobile-390x844\trace.zip

    ────────────────────────────────────────────────────────────────────────────────────────────────

  4) [mobile-390x844] › tests\13-accessibility.spec.ts:58:9 › Accessibility smoke › axe-core scan: Entities (/entities) has no critical violations 

    Error: Critical axe violations on /entities:
    button-name: Buttons must have discernible text (1 node(s)) — .gap-1\.5

    expect(received).toEqual(expected) // deep equality

    - Expected  -  1
    + Received  + 95

    - Array []
    + Array [
    +   Object {
    +     "description": "Ensure buttons have discernible text",
    +     "help": "Buttons must have discernible text",
    +     "helpUrl": "https://dequeuniversity.com/rules/axe/4.13/button-name?application=playwright",
    +     "id": "button-name",
    +     "impact": "critical",
    +     "nodes": Array [
    +       Object {
    +         "all": Array [],
    +         "any": Array [
    +           Object {
    +             "data": null,
    +             "id": "button-has-visible-text",
    +             "impact": "critical",
    +             "message": "Element does not have inner text that is visible to screen readers",
    +             "relatedNodes": Array [],
    +           },
    +           Object {
    +             "data": null,
    +             "id": "aria-label",
    +             "impact": "critical",
    +             "message": "aria-label attribute does not exist or is empty",
    +             "relatedNodes": Array [],
    +           },
    +           Object {
    +             "data": null,
    +             "id": "aria-labelledby",
    +             "impact": "critical",
    +             "message": "aria-labelledby attribute does not exist, references elements that do not exist or references elements that are empty",
    +             "relatedNodes": Array [],
    +           },
    +           Object {
    +             "data": Object {
    +               "messageKey": "noAttr",
    +             },
    +             "id": "non-empty-title",
    +             "impact": "critical",
    +             "message": "Element has no title attribute",
    +             "relatedNodes": Array [],
    +           },
    +           Object {
    +             "data": null,
    +             "id": "implicit-label",
    +             "impact": "critical",
    +             "message": "Element does not have an implicit (wrapped) <label>",
    +             "relatedNodes": Array [],
    +           },
    +           Object {
    +             "data": null,
    +             "id": "explicit-label",
    +             "impact": "critical",
    +             "message": "Element does not have an explicit <label>",
    +             "relatedNodes": Array [],
    +           },
    +           Object {
    +             "data": null,
    +             "id": "presentational-role",
    +             "impact": "critical",
    +             "message": "Element's default semantics were not overridden with role=\"none\" or role=\"presentation\"",
    +             "relatedNodes": Array [],
    +           },
    +         ],
    +         "failureSummary": "Fix any of the following:
    +   Element does not have inner text that is visible to screen readers
    +   aria-label attribute does not exist or is empty
    +   aria-labelledby attribute does not exist, references elements that do not exist or references elements that are empty
    +   Element has no title attribute
    +   Element does not have an implicit (wrapped) <label>
    +   Element does not have an explicit <label>
    +   Element's default semantics were not overridden with role=\"none\" or role=\"presentation\"",
    +         "html": "<button type=\"button\" class=\"flex shrink-0 items-center gap-1.5 rounded-md bg-accent px-2 py-1.5 text-sm font-medium text-accent-fg hover:opacity-90 disabled:opacity-60 sm:px-3\">",
    +         "impact": "critical",
    +         "none": Array [],
    +         "target": Array [
    +           ".gap-1\\.5",
    +         ],
    +       },
    +     ],
    +     "tags": Array [
    +       "cat.name-role-value",
    +       "wcag2a",
    +       "wcag412",
    +       "section508",
    +       "section508.22.a",
    +       "TTv5",
    +       "TT6.a",
    +       "EN-301-549",
    +       "EN-9.4.1.2",
    +       "ACT",
    +       "RGAAv4",
    +       "RGAA-11.9.1",
    +     ],
    +   },
    + ]

      66 |           .map((v) => `${v.id}: ${v.help} (${v.nodes.length} node(s)) — ${v.nodes[0]?.target.join(" ")}`)
      67 |           .join("\n");
    > 68 |         expect(critical, `Critical axe violations on ${screen.path}:\n${details}`).toEqual([]);
         |                                                                                    ^
      69 |       }
      70 |
      71 |       // Non-critical violations are recorded as an attachment for visibility
        at C:\Users\cohyo\Documents\EO-analyst\e2e\tests\13-accessibility.spec.ts:68:84

    attachment #1: screenshot (image/png) ──────────────────────────────────────────────────────────
    test-results\13-accessibility-Accessibi-2c4f4--has-no-critical-violations-mobile-390x844\test-failed-1.png
    ────────────────────────────────────────────────────────────────────────────────────────────────

    attachment #2: video (video/webm) ──────────────────────────────────────────────────────────────
    test-results\13-accessibility-Accessibi-2c4f4--has-no-critical-violations-mobile-390x844\video-1.webm
    ────────────────────────────────────────────────────────────────────────────────────────────────

    attachment #3: video (video/webm) ──────────────────────────────────────────────────────────────
    test-results\13-accessibility-Accessibi-2c4f4--has-no-critical-violations-mobile-390x844\video.webm
    ────────────────────────────────────────────────────────────────────────────────────────────────

    Error Context: test-results\13-accessibility-Accessibi-2c4f4--has-no-critical-violations-mobile-390x844\error-context.md

    attachment #5: trace (application/zip) ─────────────────────────────────────────────────────────
    test-results\13-accessibility-Accessibi-2c4f4--has-no-critical-violations-mobile-390x844\trace.zip
    Usage:

        npx playwright show-trace test-results\13-accessibility-Accessibi-2c4f4--has-no-critical-violations-mobile-390x844\trace.zip

    ────────────────────────────────────────────────────────────────────────────────────────────────

  5) [mobile-390x844] › tests\13-accessibility.spec.ts:58:9 › Accessibility smoke › axe-core scan: Investigations (/investigations) has no critical violations 

    Error: Critical axe violations on /investigations:
    button-name: Buttons must have discernible text (1 node(s)) — .gap-1\.5

    expect(received).toEqual(expected) // deep equality

    - Expected  -  1
    + Received  + 95

    - Array []
    + Array [
    +   Object {
    +     "description": "Ensure buttons have discernible text",
    +     "help": "Buttons must have discernible text",
    +     "helpUrl": "https://dequeuniversity.com/rules/axe/4.13/button-name?application=playwright",
    +     "id": "button-name",
    +     "impact": "critical",
    +     "nodes": Array [
    +       Object {
    +         "all": Array [],
    +         "any": Array [
    +           Object {
    +             "data": null,
    +             "id": "button-has-visible-text",
    +             "impact": "critical",
    +             "message": "Element does not have inner text that is visible to screen readers",
    +             "relatedNodes": Array [],
    +           },
    +           Object {
    +             "data": null,
    +             "id": "aria-label",
    +             "impact": "critical",
    +             "message": "aria-label attribute does not exist or is empty",
    +             "relatedNodes": Array [],
    +           },
    +           Object {
    +             "data": null,
    +             "id": "aria-labelledby",
    +             "impact": "critical",
    +             "message": "aria-labelledby attribute does not exist, references elements that do not exist or references elements that are empty",
    +             "relatedNodes": Array [],
    +           },
    +           Object {
    +             "data": Object {
    +               "messageKey": "noAttr",
    +             },
    +             "id": "non-empty-title",
    +             "impact": "critical",
    +             "message": "Element has no title attribute",
    +             "relatedNodes": Array [],
    +           },
    +           Object {
    +             "data": null,
    +             "id": "implicit-label",
    +             "impact": "critical",
    +             "message": "Element does not have an implicit (wrapped) <label>",
    +             "relatedNodes": Array [],
    +           },
    +           Object {
    +             "data": null,
    +             "id": "explicit-label",
    +             "impact": "critical",
    +             "message": "Element does not have an explicit <label>",
    +             "relatedNodes": Array [],
    +           },
    +           Object {
    +             "data": null,
    +             "id": "presentational-role",
    +             "impact": "critical",
    +             "message": "Element's default semantics were not overridden with role=\"none\" or role=\"presentation\"",
    +             "relatedNodes": Array [],
    +           },
    +         ],
    +         "failureSummary": "Fix any of the following:
    +   Element does not have inner text that is visible to screen readers
    +   aria-label attribute does not exist or is empty
    +   aria-labelledby attribute does not exist, references elements that do not exist or references elements that are empty
    +   Element has no title attribute
    +   Element does not have an implicit (wrapped) <label>
    +   Element does not have an explicit <label>
    +   Element's default semantics were not overridden with role=\"none\" or role=\"presentation\"",
    +         "html": "<button type=\"button\" class=\"flex shrink-0 items-center gap-1.5 rounded-md bg-accent px-2 py-1.5 text-sm font-medium text-accent-fg hover:opacity-90 disabled:opacity-60 sm:px-3\">",
    +         "impact": "critical",
    +         "none": Array [],
    +         "target": Array [
    +           ".gap-1\\.5",
    +         ],
    +       },
    +     ],
    +     "tags": Array [
    +       "cat.name-role-value",
    +       "wcag2a",
    +       "wcag412",
    +       "section508",
    +       "section508.22.a",
    +       "TTv5",
    +       "TT6.a",
    +       "EN-301-549",
    +       "EN-9.4.1.2",
    +       "ACT",
    +       "RGAAv4",
    +       "RGAA-11.9.1",
    +     ],
    +   },
    + ]

      66 |           .map((v) => `${v.id}: ${v.help} (${v.nodes.length} node(s)) — ${v.nodes[0]?.target.join(" ")}`)
      67 |           .join("\n");
    > 68 |         expect(critical, `Critical axe violations on ${screen.path}:\n${details}`).toEqual([]);
         |                                                                                    ^
      69 |       }
      70 |
      71 |       // Non-critical violations are recorded as an attachment for visibility
        at C:\Users\cohyo\Documents\EO-analyst\e2e\tests\13-accessibility.spec.ts:68:84

    attachment #1: screenshot (image/png) ──────────────────────────────────────────────────────────
    test-results\13-accessibility-Accessibi-e652b--has-no-critical-violations-mobile-390x844\test-failed-1.png
    ────────────────────────────────────────────────────────────────────────────────────────────────

    attachment #2: video (video/webm) ──────────────────────────────────────────────────────────────
    test-results\13-accessibility-Accessibi-e652b--has-no-critical-violations-mobile-390x844\video.webm
    ────────────────────────────────────────────────────────────────────────────────────────────────

    attachment #3: video (video/webm) ──────────────────────────────────────────────────────────────
    test-results\13-accessibility-Accessibi-e652b--has-no-critical-violations-mobile-390x844\video-1.webm
    ────────────────────────────────────────────────────────────────────────────────────────────────

    Error Context: test-results\13-accessibility-Accessibi-e652b--has-no-critical-violations-mobile-390x844\error-context.md

    attachment #5: trace (application/zip) ─────────────────────────────────────────────────────────
    test-results\13-accessibility-Accessibi-e652b--has-no-critical-violations-mobile-390x844\trace.zip
    Usage:

        npx playwright show-trace test-results\13-accessibility-Accessibi-e652b--has-no-critical-violations-mobile-390x844\trace.zip

    ────────────────────────────────────────────────────────────────────────────────────────────────

  6) [mobile-390x844] › tests\13-accessibility.spec.ts:58:9 › Accessibility smoke › axe-core scan: Ask (/ask) has no critical violations 

    Error: Critical axe violations on /ask:
    button-name: Buttons must have discernible text (1 node(s)) — .gap-1\.5

    expect(received).toEqual(expected) // deep equality

    - Expected  -  1
    + Received  + 95

    - Array []
    + Array [
    +   Object {
    +     "description": "Ensure buttons have discernible text",
    +     "help": "Buttons must have discernible text",
    +     "helpUrl": "https://dequeuniversity.com/rules/axe/4.13/button-name?application=playwright",
    +     "id": "button-name",
    +     "impact": "critical",
    +     "nodes": Array [
    +       Object {
    +         "all": Array [],
    +         "any": Array [
    +           Object {
    +             "data": null,
    +             "id": "button-has-visible-text",
    +             "impact": "critical",
    +             "message": "Element does not have inner text that is visible to screen readers",
    +             "relatedNodes": Array [],
    +           },
    +           Object {
    +             "data": null,
    +             "id": "aria-label",
    +             "impact": "critical",
    +             "message": "aria-label attribute does not exist or is empty",
    +             "relatedNodes": Array [],
    +           },
    +           Object {
    +             "data": null,
    +             "id": "aria-labelledby",
    +             "impact": "critical",
    +             "message": "aria-labelledby attribute does not exist, references elements that do not exist or references elements that are empty",
    +             "relatedNodes": Array [],
    +           },
    +           Object {
    +             "data": Object {
    +               "messageKey": "noAttr",
    +             },
    +             "id": "non-empty-title",
    +             "impact": "critical",
    +             "message": "Element has no title attribute",
    +             "relatedNodes": Array [],
    +           },
    +           Object {
    +             "data": null,
    +             "id": "implicit-label",
    +             "impact": "critical",
    +             "message": "Element does not have an implicit (wrapped) <label>",
    +             "relatedNodes": Array [],
    +           },
    +           Object {
    +             "data": null,
    +             "id": "explicit-label",
    +             "impact": "critical",
    +             "message": "Element does not have an explicit <label>",
    +             "relatedNodes": Array [],
    +           },
    +           Object {
    +             "data": null,
    +             "id": "presentational-role",
    +             "impact": "critical",
    +             "message": "Element's default semantics were not overridden with role=\"none\" or role=\"presentation\"",
    +             "relatedNodes": Array [],
    +           },
    +         ],
    +         "failureSummary": "Fix any of the following:
    +   Element does not have inner text that is visible to screen readers
    +   aria-label attribute does not exist or is empty
    +   aria-labelledby attribute does not exist, references elements that do not exist or references elements that are empty
    +   Element has no title attribute
    +   Element does not have an implicit (wrapped) <label>
    +   Element does not have an explicit <label>
    +   Element's default semantics were not overridden with role=\"none\" or role=\"presentation\"",
    +         "html": "<button type=\"button\" class=\"flex shrink-0 items-center gap-1.5 rounded-md bg-accent px-2 py-1.5 text-sm font-medium text-accent-fg hover:opacity-90 disabled:opacity-60 sm:px-3\">",
    +         "impact": "critical",
    +         "none": Array [],
    +         "target": Array [
    +           ".gap-1\\.5",
    +         ],
    +       },
    +     ],
    +     "tags": Array [
    +       "cat.name-role-value",
    +       "wcag2a",
    +       "wcag412",
    +       "section508",
    +       "section508.22.a",
    +       "TTv5",
    +       "TT6.a",
    +       "EN-301-549",
    +       "EN-9.4.1.2",
    +       "ACT",
    +       "RGAAv4",
    +       "RGAA-11.9.1",
    +     ],
    +   },
    + ]

      66 |           .map((v) => `${v.id}: ${v.help} (${v.nodes.length} node(s)) — ${v.nodes[0]?.target.join(" ")}`)
      67 |           .join("\n");
    > 68 |         expect(critical, `Critical axe violations on ${screen.path}:\n${details}`).toEqual([]);
         |                                                                                    ^
      69 |       }
      70 |
      71 |       // Non-critical violations are recorded as an attachment for visibility
        at C:\Users\cohyo\Documents\EO-analyst\e2e\tests\13-accessibility.spec.ts:68:84

    attachment #1: screenshot (image/png) ──────────────────────────────────────────────────────────
    test-results\13-accessibility-Accessibi-4e85a--has-no-critical-violations-mobile-390x844\test-failed-1.png
    ────────────────────────────────────────────────────────────────────────────────────────────────

    attachment #2: video (video/webm) ──────────────────────────────────────────────────────────────
    test-results\13-accessibility-Accessibi-4e85a--has-no-critical-violations-mobile-390x844\video-1.webm
    ────────────────────────────────────────────────────────────────────────────────────────────────

    attachment #3: video (video/webm) ──────────────────────────────────────────────────────────────
    test-results\13-accessibility-Accessibi-4e85a--has-no-critical-violations-mobile-390x844\video.webm
    ────────────────────────────────────────────────────────────────────────────────────────────────

    Error Context: test-results\13-accessibility-Accessibi-4e85a--has-no-critical-violations-mobile-390x844\error-context.md

    attachment #5: trace (application/zip) ─────────────────────────────────────────────────────────
    test-results\13-accessibility-Accessibi-4e85a--has-no-critical-violations-mobile-390x844\trace.zip
    Usage:

        npx playwright show-trace test-results\13-accessibility-Accessibi-4e85a--has-no-critical-violations-mobile-390x844\trace.zip

    ────────────────────────────────────────────────────────────────────────────────────────────────

  7) [mobile-390x844] › tests\13-accessibility.spec.ts:58:9 › Accessibility smoke › axe-core scan: Conferences (/conferences) has no critical violations 

    Error: Critical axe violations on /conferences:
    button-name: Buttons must have discernible text (1 node(s)) — .disabled\:opacity-60

    expect(received).toEqual(expected) // deep equality

    - Expected  -  1
    + Received  + 95

    - Array []
    + Array [
    +   Object {
    +     "description": "Ensure buttons have discernible text",
    +     "help": "Buttons must have discernible text",
    +     "helpUrl": "https://dequeuniversity.com/rules/axe/4.13/button-name?application=playwright",
    +     "id": "button-name",
    +     "impact": "critical",
    +     "nodes": Array [
    +       Object {
    +         "all": Array [],
    +         "any": Array [
    +           Object {
    +             "data": null,
    +             "id": "button-has-visible-text",
    +             "impact": "critical",
    +             "message": "Element does not have inner text that is visible to screen readers",
    +             "relatedNodes": Array [],
    +           },
    +           Object {
    +             "data": null,
    +             "id": "aria-label",
    +             "impact": "critical",
    +             "message": "aria-label attribute does not exist or is empty",
    +             "relatedNodes": Array [],
    +           },
    +           Object {
    +             "data": null,
    +             "id": "aria-labelledby",
    +             "impact": "critical",
    +             "message": "aria-labelledby attribute does not exist, references elements that do not exist or references elements that are empty",
    +             "relatedNodes": Array [],
    +           },
    +           Object {
    +             "data": Object {
    +               "messageKey": "noAttr",
    +             },
    +             "id": "non-empty-title",
    +             "impact": "critical",
    +             "message": "Element has no title attribute",
    +             "relatedNodes": Array [],
    +           },
    +           Object {
    +             "data": null,
    +             "id": "implicit-label",
    +             "impact": "critical",
    +             "message": "Element does not have an implicit (wrapped) <label>",
    +             "relatedNodes": Array [],
    +           },
    +           Object {
    +             "data": null,
    +             "id": "explicit-label",
    +             "impact": "critical",
    +             "message": "Element does not have an explicit <label>",
    +             "relatedNodes": Array [],
    +           },
    +           Object {
    +             "data": null,
    +             "id": "presentational-role",
    +             "impact": "critical",
    +             "message": "Element's default semantics were not overridden with role=\"none\" or role=\"presentation\"",
    +             "relatedNodes": Array [],
    +           },
    +         ],
    +         "failureSummary": "Fix any of the following:
    +   Element does not have inner text that is visible to screen readers
    +   aria-label attribute does not exist or is empty
    +   aria-labelledby attribute does not exist, references elements that do not exist or references elements that are empty
    +   Element has no title attribute
    +   Element does not have an implicit (wrapped) <label>
    +   Element does not have an explicit <label>
    +   Element's default semantics were not overridden with role=\"none\" or role=\"presentation\"",
    +         "html": "<button type=\"button\" class=\"flex shrink-0 items-center gap-1.5 rounded-md bg-accent px-2 py-1.5 text-sm font-medium text-accent-fg hover:opacity-90 disabled:opacity-60 sm:px-3\">",
    +         "impact": "critical",
    +         "none": Array [],
    +         "target": Array [
    +           ".disabled\\:opacity-60",
    +         ],
    +       },
    +     ],
    +     "tags": Array [
    +       "cat.name-role-value",
    +       "wcag2a",
    +       "wcag412",
    +       "section508",
    +       "section508.22.a",
    +       "TTv5",
    +       "TT6.a",
    +       "EN-301-549",
    +       "EN-9.4.1.2",
    +       "ACT",
    +       "RGAAv4",
    +       "RGAA-11.9.1",
    +     ],
    +   },
    + ]

      66 |           .map((v) => `${v.id}: ${v.help} (${v.nodes.length} node(s)) — ${v.nodes[0]?.target.join(" ")}`)
      67 |           .join("\n");
    > 68 |         expect(critical, `Critical axe violations on ${screen.path}:\n${details}`).toEqual([]);
         |                                                                                    ^
      69 |       }
      70 |
      71 |       // Non-critical violations are recorded as an attachment for visibility
        at C:\Users\cohyo\Documents\EO-analyst\e2e\tests\13-accessibility.spec.ts:68:84

    attachment #1: screenshot (image/png) ──────────────────────────────────────────────────────────
    test-results\13-accessibility-Accessibi-0ccb8--has-no-critical-violations-mobile-390x844\test-failed-1.png
    ────────────────────────────────────────────────────────────────────────────────────────────────

    attachment #2: video (video/webm) ──────────────────────────────────────────────────────────────
    test-results\13-accessibility-Accessibi-0ccb8--has-no-critical-violations-mobile-390x844\video-1.webm
    ────────────────────────────────────────────────────────────────────────────────────────────────

    attachment #3: video (video/webm) ──────────────────────────────────────────────────────────────
    test-results\13-accessibility-Accessibi-0ccb8--has-no-critical-violations-mobile-390x844\video.webm
    ────────────────────────────────────────────────────────────────────────────────────────────────

    Error Context: test-results\13-accessibility-Accessibi-0ccb8--has-no-critical-violations-mobile-390x844\error-context.md

    attachment #5: trace (application/zip) ─────────────────────────────────────────────────────────
    test-results\13-accessibility-Accessibi-0ccb8--has-no-critical-violations-mobile-390x844\trace.zip
    Usage:

        npx playwright show-trace test-results\13-accessibility-Accessibi-0ccb8--has-no-critical-violations-mobile-390x844\trace.zip

    ────────────────────────────────────────────────────────────────────────────────────────────────

  8) [mobile-390x844] › tests\13-accessibility.spec.ts:58:9 › Accessibility smoke › axe-core scan: Inbox (/inbox) has no critical violations 

    Error: Critical axe violations on /inbox:
    button-name: Buttons must have discernible text (1 node(s)) — .gap-1\.5

    expect(received).toEqual(expected) // deep equality

    - Expected  -  1
    + Received  + 95

    - Array []
    + Array [
    +   Object {
    +     "description": "Ensure buttons have discernible text",
    +     "help": "Buttons must have discernible text",
    +     "helpUrl": "https://dequeuniversity.com/rules/axe/4.13/button-name?application=playwright",
    +     "id": "button-name",
    +     "impact": "critical",
    +     "nodes": Array [
    +       Object {
    +         "all": Array [],
    +         "any": Array [
    +           Object {
    +             "data": null,
    +             "id": "button-has-visible-text",
    +             "impact": "critical",
    +             "message": "Element does not have inner text that is visible to screen readers",
    +             "relatedNodes": Array [],
    +           },
    +           Object {
    +             "data": null,
    +             "id": "aria-label",
    +             "impact": "critical",
    +             "message": "aria-label attribute does not exist or is empty",
    +             "relatedNodes": Array [],
    +           },
    +           Object {
    +             "data": null,
    +             "id": "aria-labelledby",
    +             "impact": "critical",
    +             "message": "aria-labelledby attribute does not exist, references elements that do not exist or references elements that are empty",
    +             "relatedNodes": Array [],
    +           },
    +           Object {
    +             "data": Object {
    +               "messageKey": "noAttr",
    +             },
    +             "id": "non-empty-title",
    +             "impact": "critical",
    +             "message": "Element has no title attribute",
    +             "relatedNodes": Array [],
    +           },
    +           Object {
    +             "data": null,
    +             "id": "implicit-label",
    +             "impact": "critical",
    +             "message": "Element does not have an implicit (wrapped) <label>",
    +             "relatedNodes": Array [],
    +           },
    +           Object {
    +             "data": null,
    +             "id": "explicit-label",
    +             "impact": "critical",
    +             "message": "Element does not have an explicit <label>",
    +             "relatedNodes": Array [],
    +           },
    +           Object {
    +             "data": null,
    +             "id": "presentational-role",
    +             "impact": "critical",
    +             "message": "Element's default semantics were not overridden with role=\"none\" or role=\"presentation\"",
    +             "relatedNodes": Array [],
    +           },
    +         ],
    +         "failureSummary": "Fix any of the following:
    +   Element does not have inner text that is visible to screen readers
    +   aria-label attribute does not exist or is empty
    +   aria-labelledby attribute does not exist, references elements that do not exist or references elements that are empty
    +   Element has no title attribute
    +   Element does not have an implicit (wrapped) <label>
    +   Element does not have an explicit <label>
    +   Element's default semantics were not overridden with role=\"none\" or role=\"presentation\"",
    +         "html": "<button type=\"button\" class=\"flex shrink-0 items-center gap-1.5 rounded-md bg-accent px-2 py-1.5 text-sm font-medium text-accent-fg hover:opacity-90 disabled:opacity-60 sm:px-3\">",
    +         "impact": "critical",
    +         "none": Array [],
    +         "target": Array [
    +           ".gap-1\\.5",
    +         ],
    +       },
    +     ],
    +     "tags": Array [
    +       "cat.name-role-value",
    +       "wcag2a",
    +       "wcag412",
    +       "section508",
    +       "section508.22.a",
    +       "TTv5",
    +       "TT6.a",
    +       "EN-301-549",
    +       "EN-9.4.1.2",
    +       "ACT",
    +       "RGAAv4",
    +       "RGAA-11.9.1",
    +     ],
    +   },
    + ]

      66 |           .map((v) => `${v.id}: ${v.help} (${v.nodes.length} node(s)) — ${v.nodes[0]?.target.join(" ")}`)
      67 |           .join("\n");
    > 68 |         expect(critical, `Critical axe violations on ${screen.path}:\n${details}`).toEqual([]);
         |                                                                                    ^
      69 |       }
      70 |
      71 |       // Non-critical violations are recorded as an attachment for visibility
        at C:\Users\cohyo\Documents\EO-analyst\e2e\tests\13-accessibility.spec.ts:68:84

    attachment #1: screenshot (image/png) ──────────────────────────────────────────────────────────
    test-results\13-accessibility-Accessibi-d8cbb--has-no-critical-violations-mobile-390x844\test-failed-1.png
    ────────────────────────────────────────────────────────────────────────────────────────────────

    attachment #2: video (video/webm) ──────────────────────────────────────────────────────────────
    test-results\13-accessibility-Accessibi-d8cbb--has-no-critical-violations-mobile-390x844\video.webm
    ────────────────────────────────────────────────────────────────────────────────────────────────

    attachment #3: video (video/webm) ──────────────────────────────────────────────────────────────
    test-results\13-accessibility-Accessibi-d8cbb--has-no-critical-violations-mobile-390x844\video-1.webm
    ────────────────────────────────────────────────────────────────────────────────────────────────

    Error Context: test-results\13-accessibility-Accessibi-d8cbb--has-no-critical-violations-mobile-390x844\error-context.md

    attachment #5: trace (application/zip) ─────────────────────────────────────────────────────────
    test-results\13-accessibility-Accessibi-d8cbb--has-no-critical-violations-mobile-390x844\trace.zip
    Usage:

        npx playwright show-trace test-results\13-accessibility-Accessibi-d8cbb--has-no-critical-violations-mobile-390x844\trace.zip

    ────────────────────────────────────────────────────────────────────────────────────────────────

  9) [mobile-390x844] › tests\13-accessibility.spec.ts:58:9 › Accessibility smoke › axe-core scan: Reports (/reports) has no critical violations 

    Error: Critical axe violations on /reports:
    button-name: Buttons must have discernible text (1 node(s)) — .gap-1\.5

    expect(received).toEqual(expected) // deep equality

    - Expected  -  1
    + Received  + 95

    - Array []
    + Array [
    +   Object {
    +     "description": "Ensure buttons have discernible text",
    +     "help": "Buttons must have discernible text",
    +     "helpUrl": "https://dequeuniversity.com/rules/axe/4.13/button-name?application=playwright",
    +     "id": "button-name",
    +     "impact": "critical",
    +     "nodes": Array [
    +       Object {
    +         "all": Array [],
    +         "any": Array [
    +           Object {
    +             "data": null,
    +             "id": "button-has-visible-text",
    +             "impact": "critical",
    +             "message": "Element does not have inner text that is visible to screen readers",
    +             "relatedNodes": Array [],
    +           },
    +           Object {
    +             "data": null,
    +             "id": "aria-label",
    +             "impact": "critical",
    +             "message": "aria-label attribute does not exist or is empty",
    +             "relatedNodes": Array [],
    +           },
    +           Object {
    +             "data": null,
    +             "id": "aria-labelledby",
    +             "impact": "critical",
    +             "message": "aria-labelledby attribute does not exist, references elements that do not exist or references elements that are empty",
    +             "relatedNodes": Array [],
    +           },
    +           Object {
    +             "data": Object {
    +               "messageKey": "noAttr",
    +             },
    +             "id": "non-empty-title",
    +             "impact": "critical",
    +             "message": "Element has no title attribute",
    +             "relatedNodes": Array [],
    +           },
    +           Object {
    +             "data": null,
    +             "id": "implicit-label",
    +             "impact": "critical",
    +             "message": "Element does not have an implicit (wrapped) <label>",
    +             "relatedNodes": Array [],
    +           },
    +           Object {
    +             "data": null,
    +             "id": "explicit-label",
    +             "impact": "critical",
    +             "message": "Element does not have an explicit <label>",
    +             "relatedNodes": Array [],
    +           },
    +           Object {
    +             "data": null,
    +             "id": "presentational-role",
    +             "impact": "critical",
    +             "message": "Element's default semantics were not overridden with role=\"none\" or role=\"presentation\"",
    +             "relatedNodes": Array [],
    +           },
    +         ],
    +         "failureSummary": "Fix any of the following:
    +   Element does not have inner text that is visible to screen readers
    +   aria-label attribute does not exist or is empty
    +   aria-labelledby attribute does not exist, references elements that do not exist or references elements that are empty
    +   Element has no title attribute
    +   Element does not have an implicit (wrapped) <label>
    +   Element does not have an explicit <label>
    +   Element's default semantics were not overridden with role=\"none\" or role=\"presentation\"",
    +         "html": "<button type=\"button\" class=\"flex shrink-0 items-center gap-1.5 rounded-md bg-accent px-2 py-1.5 text-sm font-medium text-accent-fg hover:opacity-90 disabled:opacity-60 sm:px-3\">",
    +         "impact": "critical",
    +         "none": Array [],
    +         "target": Array [
    +           ".gap-1\\.5",
    +         ],
    +       },
    +     ],
    +     "tags": Array [
    +       "cat.name-role-value",
    +       "wcag2a",
    +       "wcag412",
    +       "section508",
    +       "section508.22.a",
    +       "TTv5",
    +       "TT6.a",
    +       "EN-301-549",
    +       "EN-9.4.1.2",
    +       "ACT",
    +       "RGAAv4",
    +       "RGAA-11.9.1",
    +     ],
    +   },
    + ]

      66 |           .map((v) => `${v.id}: ${v.help} (${v.nodes.length} node(s)) — ${v.nodes[0]?.target.join(" ")}`)
      67 |           .join("\n");
    > 68 |         expect(critical, `Critical axe violations on ${screen.path}:\n${details}`).toEqual([]);
         |                                                                                    ^
      69 |       }
      70 |
      71 |       // Non-critical violations are recorded as an attachment for visibility
        at C:\Users\cohyo\Documents\EO-analyst\e2e\tests\13-accessibility.spec.ts:68:84

    attachment #1: screenshot (image/png) ──────────────────────────────────────────────────────────
    test-results\13-accessibility-Accessibi-383c3--has-no-critical-violations-mobile-390x844\test-failed-1.png
    ────────────────────────────────────────────────────────────────────────────────────────────────

    attachment #2: video (video/webm) ──────────────────────────────────────────────────────────────
    test-results\13-accessibility-Accessibi-383c3--has-no-critical-violations-mobile-390x844\video.webm
    ────────────────────────────────────────────────────────────────────────────────────────────────

    attachment #3: video (video/webm) ──────────────────────────────────────────────────────────────
    test-results\13-accessibility-Accessibi-383c3--has-no-critical-violations-mobile-390x844\video-1.webm
    ────────────────────────────────────────────────────────────────────────────────────────────────

    Error Context: test-results\13-accessibility-Accessibi-383c3--has-no-critical-violations-mobile-390x844\error-context.md

    attachment #5: trace (application/zip) ─────────────────────────────────────────────────────────
    test-results\13-accessibility-Accessibi-383c3--has-no-critical-violations-mobile-390x844\trace.zip
    Usage:

        npx playwright show-trace test-results\13-accessibility-Accessibi-383c3--has-no-critical-violations-mobile-390x844\trace.zip

    ────────────────────────────────────────────────────────────────────────────────────────────────

  10) [mobile-390x844] › tests\13-accessibility.spec.ts:58:9 › Accessibility smoke › axe-core scan: Settings (/settings) has no critical violations 

    Error: Critical axe violations on /settings:
    button-name: Buttons must have discernible text (1 node(s)) — .disabled\:opacity-60

    expect(received).toEqual(expected) // deep equality

    - Expected  -  1
    + Received  + 95

    - Array []
    + Array [
    +   Object {
    +     "description": "Ensure buttons have discernible text",
    +     "help": "Buttons must have discernible text",
    +     "helpUrl": "https://dequeuniversity.com/rules/axe/4.13/button-name?application=playwright",
    +     "id": "button-name",
    +     "impact": "critical",
    +     "nodes": Array [
    +       Object {
    +         "all": Array [],
    +         "any": Array [
    +           Object {
    +             "data": null,
    +             "id": "button-has-visible-text",
    +             "impact": "critical",
    +             "message": "Element does not have inner text that is visible to screen readers",
    +             "relatedNodes": Array [],
    +           },
    +           Object {
    +             "data": null,
    +             "id": "aria-label",
    +             "impact": "critical",
    +             "message": "aria-label attribute does not exist or is empty",
    +             "relatedNodes": Array [],
    +           },
    +           Object {
    +             "data": null,
    +             "id": "aria-labelledby",
    +             "impact": "critical",
    +             "message": "aria-labelledby attribute does not exist, references elements that do not exist or references elements that are empty",
    +             "relatedNodes": Array [],
    +           },
    +           Object {
    +             "data": Object {
    +               "messageKey": "noAttr",
    +             },
    +             "id": "non-empty-title",
    +             "impact": "critical",
    +             "message": "Element has no title attribute",
    +             "relatedNodes": Array [],
    +           },
    +           Object {
    +             "data": null,
    +             "id": "implicit-label",
    +             "impact": "critical",
    +             "message": "Element does not have an implicit (wrapped) <label>",
    +             "relatedNodes": Array [],
    +           },
    +           Object {
    +             "data": null,
    +             "id": "explicit-label",
    +             "impact": "critical",
    +             "message": "Element does not have an explicit <label>",
    +             "relatedNodes": Array [],
    +           },
    +           Object {
    +             "data": null,
    +             "id": "presentational-role",
    +             "impact": "critical",
    +             "message": "Element's default semantics were not overridden with role=\"none\" or role=\"presentation\"",
    +             "relatedNodes": Array [],
    +           },
    +         ],
    +         "failureSummary": "Fix any of the following:
    +   Element does not have inner text that is visible to screen readers
    +   aria-label attribute does not exist or is empty
    +   aria-labelledby attribute does not exist, references elements that do not exist or references elements that are empty
    +   Element has no title attribute
    +   Element does not have an implicit (wrapped) <label>
    +   Element does not have an explicit <label>
    +   Element's default semantics were not overridden with role=\"none\" or role=\"presentation\"",
    +         "html": "<button type=\"button\" class=\"flex shrink-0 items-center gap-1.5 rounded-md bg-accent px-2 py-1.5 text-sm font-medium text-accent-fg hover:opacity-90 disabled:opacity-60 sm:px-3\">",
    +         "impact": "critical",
    +         "none": Array [],
    +         "target": Array [
    +           ".disabled\\:opacity-60",
    +         ],
    +       },
    +     ],
    +     "tags": Array [
    +       "cat.name-role-value",
    +       "wcag2a",
    +       "wcag412",
    +       "section508",
    +       "section508.22.a",
    +       "TTv5",
    +       "TT6.a",
    +       "EN-301-549",
    +       "EN-9.4.1.2",
    +       "ACT",
    +       "RGAAv4",
    +       "RGAA-11.9.1",
    +     ],
    +   },
    + ]

      66 |           .map((v) => `${v.id}: ${v.help} (${v.nodes.length} node(s)) — ${v.nodes[0]?.target.join(" ")}`)
      67 |           .join("\n");
    > 68 |         expect(critical, `Critical axe violations on ${screen.path}:\n${details}`).toEqual([]);
         |                                                                                    ^
      69 |       }
      70 |
      71 |       // Non-critical violations are recorded as an attachment for visibility
        at C:\Users\cohyo\Documents\EO-analyst\e2e\tests\13-accessibility.spec.ts:68:84

    attachment #1: screenshot (image/png) ──────────────────────────────────────────────────────────
    test-results\13-accessibility-Accessibi-8a593--has-no-critical-violations-mobile-390x844\test-failed-1.png
    ────────────────────────────────────────────────────────────────────────────────────────────────

    attachment #2: video (video/webm) ──────────────────────────────────────────────────────────────
    test-results\13-accessibility-Accessibi-8a593--has-no-critical-violations-mobile-390x844\video.webm
    ────────────────────────────────────────────────────────────────────────────────────────────────

    attachment #3: video (video/webm) ──────────────────────────────────────────────────────────────
    test-results\13-accessibility-Accessibi-8a593--has-no-critical-violations-mobile-390x844\video-1.webm
    ────────────────────────────────────────────────────────────────────────────────────────────────

    Error Context: test-results\13-accessibility-Accessibi-8a593--has-no-critical-violations-mobile-390x844\error-context.md

    attachment #5: trace (application/zip) ─────────────────────────────────────────────────────────
    test-results\13-accessibility-Accessibi-8a593--has-no-critical-violations-mobile-390x844\trace.zip
    Usage:

        npx playwright show-trace test-results\13-accessibility-Accessibi-8a593--has-no-critical-violations-mobile-390x844\trace.zip

    ────────────────────────────────────────────────────────────────────────────────────────────────

  10 failed
    [mobile-390x844] › tests\13-accessibility.spec.ts:17:7 › Accessibility smoke › every button and link has an accessible name 
    [mobile-390x844] › tests\13-accessibility.spec.ts:58:9 › Accessibility smoke › axe-core scan: Morning (/) has no critical violations 
    [mobile-390x844] › tests\13-accessibility.spec.ts:58:9 › Accessibility smoke › axe-core scan: Feed (/feed) has no critical violations 
    [mobile-390x844] › tests\13-accessibility.spec.ts:58:9 › Accessibility smoke › axe-core scan: Entities (/entities) has no critical violations 
    [mobile-390x844] › tests\13-accessibility.spec.ts:58:9 › Accessibility smoke › axe-core scan: Investigations (/investigations) has no critical violations 
    [mobile-390x844] › tests\13-accessibility.spec.ts:58:9 › Accessibility smoke › axe-core scan: Ask (/ask) has no critical violations 
    [mobile-390x844] › tests\13-accessibility.spec.ts:58:9 › Accessibility smoke › axe-core scan: Conferences (/conferences) has no critical violations 
    [mobile-390x844] › tests\13-accessibility.spec.ts:58:9 › Accessibility smoke › axe-core scan: Inbox (/inbox) has no critical violations 
    [mobile-390x844] › tests\13-accessibility.spec.ts:58:9 › Accessibility smoke › axe-core scan: Reports (/reports) has no critical violations 
    [mobile-390x844] › tests\13-accessibility.spec.ts:58:9 › Accessibility smoke › axe-core scan: Settings (/settings) has no critical violations 
  1 passed (39.0s)
