
Running 22 tests using 1 worker

  x   1 [desktop-1440x900] › tests\02-feed.spec.ts:186:7 › Feed screen (/feed) › keyboard: J/K move selection, Enter opens the detail panel (11.2s)
  x   2 [desktop-1440x900] › tests\02-feed.spec.ts:264:7 › Feed screen (/feed) › detail panel never renders blank: shows a summary or an explicit "not yet summarized" state (17.2s)
  x   3 [desktop-1440x900] › tests\07-conferences.spec.ts:17:7 › Conferences screen (/conferences) › each row has an outbound link (href http) or a clearly labeled "אין קישור" — never a silent blank (1.1s)
  x   4 [desktop-1440x900] › tests\10-settings.spec.ts:22:7 › Settings screen (/settings) › a no-op save (writing the same YAML back) fires PUT and shows success or a validation error (1.3s)
  x   5 [desktop-1440x900] › tests\13-accessibility.spec.ts:58:9 › Accessibility smoke › axe-core scan: Feed (/feed) has no critical violations (3.8s)
  x   6 [mobile-390x844] › tests\00-navigation.spec.ts:23:7 › Navigation rail › every nav link routes and updates the page heading (15.6s)
  x   7 [mobile-390x844] › tests\00-navigation.spec.ts:38:7 › Navigation rail › active nav link is highlighted with aria-current (15.6s)
  x   8 [mobile-390x844] › tests\00-navigation.spec.ts:48:7 › Navigation rail › browser back navigates to the previous screen (15.6s)
  x   9 [mobile-390x844] › tests\02-feed.spec.ts:186:7 › Feed screen (/feed) › keyboard: J/K move selection, Enter opens the detail panel (11.1s)
  x  10 [mobile-390x844] › tests\02-feed.spec.ts:264:7 › Feed screen (/feed) › detail panel never renders blank: shows a summary or an explicit "not yet summarized" state (10.8s)
  x  11 [mobile-390x844] › tests\07-conferences.spec.ts:17:7 › Conferences screen (/conferences) › each row has an outbound link (href http) or a clearly labeled "אין קישור" — never a silent blank (923ms)
  x  12 [mobile-390x844] › tests\10-settings.spec.ts:22:7 › Settings screen (/settings) › a no-op save (writing the same YAML back) fires PUT and shows success or a validation error (827ms)
  x  13 [mobile-390x844] › tests\13-accessibility.spec.ts:17:7 › Accessibility smoke › every button and link has an accessible name (1.8s)
  x  14 [mobile-390x844] › tests\13-accessibility.spec.ts:58:9 › Accessibility smoke › axe-core scan: Morning (/) has no critical violations (3.0s)
  x  15 [mobile-390x844] › tests\13-accessibility.spec.ts:58:9 › Accessibility smoke › axe-core scan: Feed (/feed) has no critical violations (3.5s)
  x  16 [mobile-390x844] › tests\13-accessibility.spec.ts:58:9 › Accessibility smoke › axe-core scan: Entities (/entities) has no critical violations (4.6s)
  x  17 [mobile-390x844] › tests\13-accessibility.spec.ts:58:9 › Accessibility smoke › axe-core scan: Investigations (/investigations) has no critical violations (3.0s)
  x  18 [mobile-390x844] › tests\13-accessibility.spec.ts:58:9 › Accessibility smoke › axe-core scan: Ask (/ask) has no critical violations (2.9s)
  x  19 [mobile-390x844] › tests\13-accessibility.spec.ts:58:9 › Accessibility smoke › axe-core scan: Conferences (/conferences) has no critical violations (3.1s)
  x  20 [mobile-390x844] › tests\13-accessibility.spec.ts:58:9 › Accessibility smoke › axe-core scan: Inbox (/inbox) has no critical violations (3.0s)
  x  21 [mobile-390x844] › tests\13-accessibility.spec.ts:58:9 › Accessibility smoke › axe-core scan: Reports (/reports) has no critical violations (2.8s)
  x  22 [mobile-390x844] › tests\13-accessibility.spec.ts:58:9 › Accessibility smoke › axe-core scan: Settings (/settings) has no critical violations (3.3s)


  1) [desktop-1440x900] › tests\02-feed.spec.ts:186:7 › Feed screen (/feed) › keyboard: J/K move selection, Enter opens the detail panel 

    Error: expect(locator).toBeVisible() failed

    Locator: locator('[data-testid="feed-detail-panel"]')
    Expected: visible
    Timeout: 10000ms
    Error: element(s) not found

    Call log:
      - Expect "toBeVisible" with timeout 10000ms
      - waiting for locator('[data-testid="feed-detail-panel"]')


      201 |
      202 |     await page.keyboard.press("Enter");
    > 203 |     await expect(page.locator('[data-testid="feed-detail-panel"]')).toBeVisible({ timeout: 10_000 });
          |                                                                     ^
      204 |   });
      205 |
      206 |   test("keyboard: 1-4 re-rates the selected row via POST /api/items/{id}/feedback", async ({ page }) => {
        at C:\Users\cohyo\Documents\EO-analyst\e2e\tests\02-feed.spec.ts:203:69

    attachment #1: screenshot (image/png) ──────────────────────────────────────────────────────────
    test-results\02-feed-Feed-screen-feed-k-8f0da-nter-opens-the-detail-panel-desktop-1440x900\test-failed-1.png
    ────────────────────────────────────────────────────────────────────────────────────────────────

    attachment #2: video (video/webm) ──────────────────────────────────────────────────────────────
    test-results\02-feed-Feed-screen-feed-k-8f0da-nter-opens-the-detail-panel-desktop-1440x900\video.webm
    ────────────────────────────────────────────────────────────────────────────────────────────────

    Error Context: test-results\02-feed-Feed-screen-feed-k-8f0da-nter-opens-the-detail-panel-desktop-1440x900\error-context.md

    attachment #4: trace (application/zip) ─────────────────────────────────────────────────────────
    test-results\02-feed-Feed-screen-feed-k-8f0da-nter-opens-the-detail-panel-desktop-1440x900\trace.zip
    Usage:

        npx playwright show-trace test-results\02-feed-Feed-screen-feed-k-8f0da-nter-opens-the-detail-panel-desktop-1440x900\trace.zip

    ────────────────────────────────────────────────────────────────────────────────────────────────

  2) [desktop-1440x900] › tests\02-feed.spec.ts:264:7 › Feed screen (/feed) › detail panel never renders blank: shows a summary or an explicit "not yet summarized" state 

    Error: expect(locator).toBeVisible() failed

    Locator: locator('[data-testid="feed-detail-panel"]')
    Expected: visible
    Timeout: 10000ms
    Error: element(s) not found

    Call log:
      - Expect "toBeVisible" with timeout 10000ms
      - waiting for locator('[data-testid="feed-detail-panel"]')


      272 |
      273 |     const panel = page.locator('[data-testid="feed-detail-panel"]');
    > 274 |     await expect(panel).toBeVisible({ timeout: 10_000 });
          |                         ^
      275 |
      276 |     // Panel must never be visually/semantically empty: it always has the
      277 |     // header (title) plus at least one of: a summary section, a triage
        at C:\Users\cohyo\Documents\EO-analyst\e2e\tests\02-feed.spec.ts:274:25

    attachment #1: screenshot (image/png) ──────────────────────────────────────────────────────────
    test-results\02-feed-Feed-screen-feed-d-5a3eb-it-not-yet-summarized-state-desktop-1440x900\test-failed-1.png
    ────────────────────────────────────────────────────────────────────────────────────────────────

    attachment #2: screenshot (image/png) ──────────────────────────────────────────────────────────
    test-results\02-feed-Feed-screen-feed-d-5a3eb-it-not-yet-summarized-state-desktop-1440x900\test-failed-2.png
    ────────────────────────────────────────────────────────────────────────────────────────────────

    attachment #3: video (video/webm) ──────────────────────────────────────────────────────────────
    test-results\02-feed-Feed-screen-feed-d-5a3eb-it-not-yet-summarized-state-desktop-1440x900\video.webm
    ────────────────────────────────────────────────────────────────────────────────────────────────

    attachment #4: video (video/webm) ──────────────────────────────────────────────────────────────
    test-results\02-feed-Feed-screen-feed-d-5a3eb-it-not-yet-summarized-state-desktop-1440x900\video-1.webm
    ────────────────────────────────────────────────────────────────────────────────────────────────

    Error Context: test-results\02-feed-Feed-screen-feed-d-5a3eb-it-not-yet-summarized-state-desktop-1440x900\error-context.md

    attachment #6: trace (application/zip) ─────────────────────────────────────────────────────────
    test-results\02-feed-Feed-screen-feed-d-5a3eb-it-not-yet-summarized-state-desktop-1440x900\trace.zip
    Usage:

        npx playwright show-trace test-results\02-feed-Feed-screen-feed-d-5a3eb-it-not-yet-summarized-state-desktop-1440x900\trace.zip

    ────────────────────────────────────────────────────────────────────────────────────────────────

  3) [desktop-1440x900] › tests\07-conferences.spec.ts:17:7 › Conferences screen (/conferences) › each row has an outbound link (href http) or a clearly labeled "אין קישור" — never a silent blank 

    Error: row 0 (""): no outbound link AND no "אין קישור" label
    row 1 (""): no outbound link AND no "אין קישור" label
    row 2 (""): no outbound link AND no "אין קישור" label
    row 3 (""): no outbound link AND no "אין קישור" label
    row 4 (""): no outbound link AND no "אין קישור" label
    row 5 (""): no outbound link AND no "אין קישור" label
    row 6 (""): no outbound link AND no "אין קישור" label
    row 7 (""): no outbound link AND no "אין קישור" label
    row 8 (""): no outbound link AND no "אין קישור" label
    row 9 (""): no outbound link AND no "אין קישור" label
    row 10 (""): no outbound link AND no "אין קישור" label
    row 11 (""): no outbound link AND no "אין קישור" label
    row 12 (""): no outbound link AND no "אין קישור" label
    row 13 (""): no outbound link AND no "אין קישור" label
    row 14 (""): no outbound link AND no "אין קישור" label

    expect(received).toEqual(expected) // deep equality

    - Expected  -  1
    + Received  + 17

    - Array []
    + Array [
    +   "row 0 (\"\"): no outbound link AND no \"אין קישור\" label",
    +   "row 1 (\"\"): no outbound link AND no \"אין קישור\" label",
    +   "row 2 (\"\"): no outbound link AND no \"אין קישור\" label",
    +   "row 3 (\"\"): no outbound link AND no \"אין קישור\" label",
    +   "row 4 (\"\"): no outbound link AND no \"אין קישור\" label",
    +   "row 5 (\"\"): no outbound link AND no \"אין קישור\" label",
    +   "row 6 (\"\"): no outbound link AND no \"אין קישור\" label",
    +   "row 7 (\"\"): no outbound link AND no \"אין קישור\" label",
    +   "row 8 (\"\"): no outbound link AND no \"אין קישור\" label",
    +   "row 9 (\"\"): no outbound link AND no \"אין קישור\" label",
    +   "row 10 (\"\"): no outbound link AND no \"אין קישור\" label",
    +   "row 11 (\"\"): no outbound link AND no \"אין קישור\" label",
    +   "row 12 (\"\"): no outbound link AND no \"אין קישור\" label",
    +   "row 13 (\"\"): no outbound link AND no \"אין קישור\" label",
    +   "row 14 (\"\"): no outbound link AND no \"אין קישור\" label",
    + ]

      51 |       });
      52 |     }
    > 53 |     expect(problems, problems.join("\n")).toEqual([]);
         |                                           ^
      54 |   });
      55 |
      56 |   test("clicking a row expands details (if the feature exists); clicking again collapses", async ({
        at C:\Users\cohyo\Documents\EO-analyst\e2e\tests\07-conferences.spec.ts:53:43

    attachment #1: screenshot (image/png) ──────────────────────────────────────────────────────────
    test-results\07-conferences-Conferences-ea3e1-ישור-—-never-a-silent-blank-desktop-1440x900\test-failed-1.png
    ────────────────────────────────────────────────────────────────────────────────────────────────

    attachment #2: video (video/webm) ──────────────────────────────────────────────────────────────
    test-results\07-conferences-Conferences-ea3e1-ישור-—-never-a-silent-blank-desktop-1440x900\video.webm
    ────────────────────────────────────────────────────────────────────────────────────────────────

    Error Context: test-results\07-conferences-Conferences-ea3e1-ישור-—-never-a-silent-blank-desktop-1440x900\error-context.md

    attachment #4: trace (application/zip) ─────────────────────────────────────────────────────────
    test-results\07-conferences-Conferences-ea3e1-ישור-—-never-a-silent-blank-desktop-1440x900\trace.zip
    Usage:

        npx playwright show-trace test-results\07-conferences-Conferences-ea3e1-ישור-—-never-a-silent-blank-desktop-1440x900\trace.zip

    ────────────────────────────────────────────────────────────────────────────────────────────────

  4) [desktop-1440x900] › tests\10-settings.spec.ts:22:7 › Settings screen (/settings) › a no-op save (writing the same YAML back) fires PUT and shows success or a validation error 

    Error: PUT /api/settings/config should not 5xx on a no-op save

    expect(received).toBeLessThan(expected)

    Expected: < 500
    Received:   500

      48 |         });
      49 |       }
    > 50 |       expect(response.status(), "PUT /api/settings/config should not 5xx on a no-op save").toBeLessThan(500);
         |                                                                                            ^
      51 |
      52 |       const success = page.getByText("נשמר בהצלחה");
      53 |       const failure = page.getByText(/^שגיאות:/);
        at C:\Users\cohyo\Documents\EO-analyst\e2e\tests\10-settings.spec.ts:50:92

    attachment #1: screenshot (image/png) ──────────────────────────────────────────────────────────
    test-results\10-settings-Settings-scree-6c111-ccess-or-a-validation-error-desktop-1440x900\test-failed-1.png
    ────────────────────────────────────────────────────────────────────────────────────────────────

    attachment #2: video (video/webm) ──────────────────────────────────────────────────────────────
    test-results\10-settings-Settings-scree-6c111-ccess-or-a-validation-error-desktop-1440x900\video.webm
    ────────────────────────────────────────────────────────────────────────────────────────────────

    Error Context: test-results\10-settings-Settings-scree-6c111-ccess-or-a-validation-error-desktop-1440x900\error-context.md

    attachment #4: trace (application/zip) ─────────────────────────────────────────────────────────
    test-results\10-settings-Settings-scree-6c111-ccess-or-a-validation-error-desktop-1440x900\trace.zip
    Usage:

        npx playwright show-trace test-results\10-settings-Settings-scree-6c111-ccess-or-a-validation-error-desktop-1440x900\trace.zip

    ────────────────────────────────────────────────────────────────────────────────────────────────

  5) [desktop-1440x900] › tests\13-accessibility.spec.ts:58:9 › Accessibility smoke › axe-core scan: Feed (/feed) has no critical violations 

    Error: Critical axe violations on /feed:
    aria-required-children: Certain ARIA roles must contain particular children (17 node(s)) — div[role="grid"]

    expect(received).toEqual(expected) // deep equality

    - Expected  -   1
    + Received  + 914

    - Array []
    + Array [
    +   Object {
    +     "description": "Ensure elements with an ARIA role that require child roles contain them",
    +     "help": "Certain ARIA roles must contain particular children",
    +     "helpUrl": "https://dequeuniversity.com/rules/axe/4.13/aria-required-children?application=playwright",
    +     "id": "aria-required-children",
    +     "impact": "critical",
    +     "nodes": Array [
    +       Object {
    +         "all": Array [],
    +         "any": Array [
    +           Object {
    +             "data": Object {
    +               "messageKey": "unallowed",
    +               "values": "button",
    +             },
    +             "id": "aria-required-children",
    +             "impact": "critical",
    +             "message": "Element has children which are not allowed: button",
    +             "relatedNodes": Array [
    +               Object {
    +                 "html": "<button type=\"button\" class=\"rounded-md border border-border-strong px-3 py-1.5 text-xs text-fg-dim hover:bg-bg-sunken disabled:opacity-50\">טען עוד (179 נותרו)</button>",
    +                 "target": Array [
    +                   ".disabled\\:opacity-50",
    +                 ],
    +               },
    +             ],
    +           },
    +         ],
    +         "failureSummary": "Fix any of the following:
    +   Element has children which are not allowed: button",
    +         "html": "<div role=\"grid\" aria-label=\"פיד Triage\" class=\"relative flex-1 overflow-y-auto\" data-testid=\"feed-list\">",
    +         "impact": "critical",
    +         "none": Array [],
    +         "target": Array [
    +           "div[role=\"grid\"]",
    +         ],
    +       },
    +       Object {
    +         "all": Array [],
    +         "any": Array [
    +           Object {
    +             "data": Object {
    +               "messageKey": "unallowed",
    +               "values": "[role=img], button[aria-label], a[aria-label], span[aria-label], a",
    +             },
    +             "id": "aria-required-children",
    +             "impact": "critical",
    +             "message": "Element has children which are not allowed: [role=img], button[aria-label], a[aria-label], span[aria-label], a",
    +             "relatedNodes": Array [
    +               Object {
    +                 "html": "<span role=\"img\" aria-label=\"רמת דחיפות: ארכיון\" class=\"inline-flex items-center gap-1 rounded-md font-medium text-level-archive bg-level-archive-bg px-1.5 py-0.5 text-xs\" data-level=\"archive\">",
    +                 "target": Array [
    +                   ".bg-accent-muted\\/70 > .inline-flex.text-level-archive.bg-level-archive-bg",
    +                 ],
    +               },
    +               Object {
    +                 "html": "<button type=\"button\" aria-expanded=\"false\" aria-label=\"למה הציון?\" title=\"למה הציון?\" class=\"flex shrink-0 items-center justify-center rounded-md text-fg-dim hover:bg-bg-sunken hover:text-fg h-5 w-5\">",
    +                 "target": Array [
    +                   ".bg-accent-muted\\/70 > .h-5.w-5[aria-label=\"למה הציון?\"]",
    +                 ],
    +               },
    +               Object {
    +                 "html": "<a href=\"https://www.techrada...\" target=\"_blank\" rel=\"noopener noreferrer\" title=\"פתח מקור ↗ (O)\" aria-label=\"פתח מקור במקור המקור...\" class=\"hidden shrink-0 item...\">",
    +                 "target": Array [
    +                   ".bg-accent-muted\\/70 > .hover\\:border-accent.md\\:flex[title=\"פתח מקור ↗ (O)\"]",
    +                 ],
    +               },
    +               Object {
    +                 "html": "<span title=\"בדיקת אבטחה: תקין\" aria-label=\"בדיקת אבטחה: תקין\">",
    +                 "target": Array [
    +                   ".bg-accent-muted\\/70 > span[title=\"בדיקת אבטחה: תקין\"][aria-label=\"בדיקת אבטחה: תקין\"]",
    +                 ],
    +               },
    +               Object {
    +                 "html": "<a href=\"https://www.techrada...\" target=\"_blank\" rel=\"noopener noreferrer\" data-testid=\"feed-row-title-link-...\" title=\"פתח מקור בכרטיסייה ח...\" class=\"block truncate font-...\">",
    +                 "target": Array [
    +                   "a[data-testid=\"feed-row-title-link-603\"]",
    +                 ],
    +               },
    +             ],
    +           },
    +         ],
    +         "failureSummary": "Fix any of the following:
    +   Element has children which are not allowed: [role=img], button[aria-label], a[aria-label], span[aria-label], a",
    +         "html": "<div role=\"row\" data-testid=\"feed-row-603\" data-selected=\"true\" tabindex=\"-1\" aria-selected=\"true\" draggable=\"true\" class=\"absolute inset-x-0 flex h-16 items-center gap-3 border-b border-border px-3 text-sm cursor-pointer bg-accent-muted/70\" style=\"top: 0px;\">",
    +         "impact": "critical",
    +         "none": Array [],
    +         "target": Array [
    +           ".bg-accent-muted\\/70",
    +         ],
    +       },
    +       Object {
    +         "all": Array [],
    +         "any": Array [
    +           Object {
    +             "data": Object {
    +               "messageKey": "unallowed",
    +               "values": "[role=img], button[aria-label], a[aria-label], span[aria-label], a",
    +             },
    +             "id": "aria-required-children",
    +             "impact": "critical",
    +             "message": "Element has children which are not allowed: [role=img], button[aria-label], a[aria-label], span[aria-label], a",
    +             "relatedNodes": Array [
    +               Object {
    +                 "html": "<span role=\"img\" aria-label=\"רמת דחיפות: ארכיון\" class=\"inline-flex items-center gap-1 rounded-md font-medium text-level-archive bg-level-archive-bg px-1.5 py-0.5 text-xs\" data-level=\"archive\">",
    +                 "target": Array [
    +                   "div[data-testid=\"feed-row-602\"] > .inline-flex.text-level-archive.bg-level-archive-bg",
    +                 ],
    +               },
    +               Object {
    +                 "html": "<button type=\"button\" aria-expanded=\"false\" aria-label=\"למה הציון?\" title=\"למה הציון?\" class=\"flex shrink-0 items-center justify-center rounded-md text-fg-dim hover:bg-bg-sunken hover:text-fg h-5 w-5\">",
    +                 "target": Array [
    +                   "div[data-testid=\"feed-row-602\"] > .h-5.w-5[aria-label=\"למה הציון?\"]",
    +                 ],
    +               },
    +               Object {
    +                 "html": "<a href=\"https://simple.wikip...\" target=\"_blank\" rel=\"noopener noreferrer\" title=\"פתח מקור ↗ (O)\" aria-label=\"פתח מקור במקור המקור...\" class=\"hidden shrink-0 item...\">",
    +                 "target": Array [
    +                   "div[data-testid=\"feed-row-602\"] > .hover\\:border-accent.md\\:flex[title=\"פתח מקור ↗ (O)\"]",
    +                 ],
    +               },
    +               Object {
    +                 "html": "<span title=\"בדיקת אבטחה: תקין\" aria-label=\"בדיקת אבטחה: תקין\">",
    +                 "target": Array [
    +                   "div[data-testid=\"feed-row-602\"] > span[title=\"בדיקת אבטחה: תקין\"][aria-label=\"בדיקת אבטחה: תקין\"]",
    +                 ],
    +               },
    +               Object {
    +                 "html": "<a href=\"https://simple.wikipedia.org/wiki/Infrared\" target=\"_blank\" rel=\"noopener noreferrer\" data-testid=\"feed-row-title-link-602\" title=\"פתח מקור בכרטיסייה חדשה\" class=\"block truncate font-medium text-fg hover:text-accent hover:underline\">",
    +                 "target": Array [
    +                   "a[data-testid=\"feed-row-title-link-602\"]",
    +                 ],
    +               },
    +             ],
    +           },
    +         ],
    +         "failureSummary": "Fix any of the following:
    +   Element has children which are not allowed: [role=img], button[aria-label], a[aria-label], span[aria-label], a",
    +         "html": "<div role=\"row\" data-testid=\"feed-row-602\" data-selected=\"false\" tabindex=\"-1\" aria-selected=\"false\" draggable=\"true\" class=\"absolute inset-x-0 flex h-16 items-center gap-3 border-b border-border px-3 text-sm cursor-pointer hover:bg-bg-sunken\" style=\"top: 64px;\">",
    +         "impact": "critical",
    +         "none": Array [],
    +         "target": Array [
    +           "div[data-testid=\"feed-row-602\"]",
    +         ],
    +       },
    +       Object {
    +         "all": Array [],
    +         "any": Array [
    +           Object {
    +             "data": Object {
    +               "messageKey": "unallowed",
    +               "values": "[role=img], button[aria-label], a[aria-label], span[aria-label], a",
    +             },
    +             "id": "aria-required-children",
    +             "impact": "critical",
    +             "message": "Element has children which are not allowed: [role=img], button[aria-label], a[aria-label], span[aria-label], a",
    +             "relatedNodes": Array [
    +               Object {
    +                 "html": "<span role=\"img\" aria-label=\"רמת דחיפות: ארכיון\" class=\"inline-flex items-center gap-1 rounded-md font-medium text-level-archive bg-level-archive-bg px-1.5 py-0.5 text-xs\" data-level=\"archive\">",
    +                 "target": Array [
    +                   "div[data-testid=\"feed-row-601\"] > .inline-flex.text-level-archive.bg-level-archive-bg",
    +                 ],
    +               },
    +               Object {
    +                 "html": "<button type=\"button\" aria-expanded=\"false\" aria-label=\"למה הציון?\" title=\"למה הציון?\" class=\"flex shrink-0 items-center justify-center rounded-md text-fg-dim hover:bg-bg-sunken hover:text-fg h-5 w-5\">",
    +                 "target": Array [
    +                   "div[data-testid=\"feed-row-601\"] > .h-5.w-5[aria-label=\"למה הציון?\"]",
    +                 ],
    +               },
    +               Object {
    +                 "html": "<a href=\"https://coolcosmos.i...\" target=\"_blank\" rel=\"noopener noreferrer\" title=\"פתח מקור ↗ (O)\" aria-label=\"פתח מקור במקור המקור...\" class=\"hidden shrink-0 item...\">",
    +                 "target": Array [
    +                   "div[data-testid=\"feed-row-601\"] > .hover\\:border-accent.md\\:flex[title=\"פתח מקור ↗ (O)\"]",
    +                 ],
    +               },
    +               Object {
    +                 "html": "<span title=\"בדיקת אבטחה: תקין\" aria-label=\"בדיקת אבטחה: תקין\">",
    +                 "target": Array [
    +                   "div[data-testid=\"feed-row-601\"] > span[title=\"בדיקת אבטחה: תקין\"][aria-label=\"בדיקת אבטחה: תקין\"]",
    +                 ],
    +               },
    +               Object {
    +                 "html": "<a href=\"https://coolcosmos.ipac.caltech.edu/page/what_is_infrared\" target=\"_blank\" rel=\"noopener noreferrer\" data-testid=\"feed-row-title-link-601\" title=\"פתח מקור בכרטיסייה חדשה\" class=\"block truncate font-medium text-fg hover:text-accent hover:underline\">",
    +                 "target": Array [
    +                   "a[data-testid=\"feed-row-title-link-601\"]",
    +                 ],
    +               },
    +             ],
    +           },
    +         ],
    +         "failureSummary": "Fix any of the following:
    +   Element has children which are not allowed: [role=img], button[aria-label], a[aria-label], span[aria-label], a",
    +         "html": "<div role=\"row\" data-testid=\"feed-row-601\" data-selected=\"false\" tabindex=\"-1\" aria-selected=\"false\" draggable=\"true\" class=\"absolute inset-x-0 flex h-16 items-center gap-3 border-b border-border px-3 text-sm cursor-pointer hover:bg-bg-sunken\" style=\"top: 128px;\">",
    +         "impact": "critical",
    +         "none": Array [],
    +         "target": Array [
    +           "div[data-testid=\"feed-row-601\"]",
    +         ],
    +       },
    +       Object {
    +         "all": Array [],
    +         "any": Array [
    +           Object {
    +             "data": Object {
    +               "messageKey": "unallowed",
    +               "values": "[role=img], button[aria-label], a[aria-label], span[aria-label], a",
    +             },
    +             "id": "aria-required-children",
    +             "impact": "critical",
    +             "message": "Element has children which are not allowed: [role=img], button[aria-label], a[aria-label], span[aria-label], a",
    +             "relatedNodes": Array [
    +               Object {
    +                 "html": "<span role=\"img\" aria-label=\"רמת דחיפות: ארכיון\" class=\"inline-flex items-center gap-1 rounded-md font-medium text-level-archive bg-level-archive-bg px-1.5 py-0.5 text-xs\" data-level=\"archive\">",
    +                 "target": Array [
    +                   "div[data-testid=\"feed-row-600\"] > .inline-flex.text-level-archive.bg-level-archive-bg",
    +                 ],
    +               },
    +               Object {
    +                 "html": "<button type=\"button\" aria-expanded=\"false\" aria-label=\"למה הציון?\" title=\"למה הציון?\" class=\"flex shrink-0 items-center justify-center rounded-md text-fg-dim hover:bg-bg-sunken hover:text-fg h-5 w-5\">",
    +                 "target": Array [
    +                   "div[data-testid=\"feed-row-600\"] > .h-5.w-5[aria-label=\"למה הציון?\"]",
    +                 ],
    +               },
    +               Object {
    +                 "html": "<a href=\"https://en.wikipedia...\" target=\"_blank\" rel=\"noopener noreferrer\" title=\"פתח מקור ↗ (O)\" aria-label=\"פתח מקור במקור המקור...\" class=\"hidden shrink-0 item...\">",
    +                 "target": Array [
    +                   "div[data-testid=\"feed-row-600\"] > .hover\\:border-accent.md\\:flex[title=\"פתח מקור ↗ (O)\"]",
    +                 ],
    +               },
    +               Object {
    +                 "html": "<span title=\"בדיקת אבטחה: תקין\" aria-label=\"בדיקת אבטחה: תקין\">",
    +                 "target": Array [
    +                   "div[data-testid=\"feed-row-600\"] > span[title=\"בדיקת אבטחה: תקין\"][aria-label=\"בדיקת אבטחה: תקין\"]",
    +                 ],
    +               },
    +               Object {
    +                 "html": "<a href=\"https://en.wikipedia.org/wiki/Infrared_spectroscopy\" target=\"_blank\" rel=\"noopener noreferrer\" data-testid=\"feed-row-title-link-600\" title=\"פתח מקור בכרטיסייה חדשה\" class=\"block truncate font-medium text-fg hover:text-accent hover:underline\"><bdi>Infrared spectroscopy - Wikipedia</bdi></a>",
    +                 "target": Array [
    +                   "a[data-testid=\"feed-row-title-link-600\"]",
    +                 ],
    +               },
    +             ],
    +           },
    +         ],
    +         "failureSummary": "Fix any of the following:
    +   Element has children which are not allowed: [role=img], button[aria-label], a[aria-label], span[aria-label], a",
    +         "html": "<div role=\"row\" data-testid=\"feed-row-600\" data-selected=\"false\" tabindex=\"-1\" aria-selected=\"false\" draggable=\"true\" class=\"absolute inset-x-0 flex h-16 items-center gap-3 border-b border-border px-3 text-sm cursor-pointer hover:bg-bg-sunken\" style=\"top: 192px;\">",
    +         "impact": "critical",
    +         "none": Array [],
    +         "target": Array [
    +           "div[data-testid=\"feed-row-600\"]",
    +         ],
    +       },
    +       Object {
    +         "all": Array [],
    +         "any": Array [
    +           Object {
    +             "data": Object {
    +               "messageKey": "unallowed",
    +               "values": "[role=img], button[aria-label], a[aria-label], span[aria-label], a",
    +             },
    +             "id": "aria-required-children",
    +             "impact": "critical",
    +             "message": "Element has children which are not allowed: [role=img], button[aria-label], a[aria-label], span[aria-label], a",
    +             "relatedNodes": Array [
    +               Object {
    +                 "html": "<span role=\"img\" aria-label=\"רמת דחיפות: ארכיון\" class=\"inline-flex items-center gap-1 rounded-md font-medium text-level-archive bg-level-archive-bg px-1.5 py-0.5 text-xs\" data-level=\"archive\">",
    +                 "target": Array [
    +                   "div[data-testid=\"feed-row-599\"] > .inline-flex.text-level-archive.bg-level-archive-bg",
    +                 ],
    +               },
    +               Object {
    +                 "html": "<button type=\"button\" aria-expanded=\"false\" aria-label=\"למה הציון?\" title=\"למה הציון?\" class=\"flex shrink-0 items-center justify-center rounded-md text-fg-dim hover:bg-bg-sunken hover:text-fg h-5 w-5\">",
    +                 "target": Array [
    +                   "div[data-testid=\"feed-row-599\"] > .h-5.w-5[aria-label=\"למה הציון?\"]",
    +                 ],
    +               },
    +               Object {
    +                 "html": "<a href=\"https://science.nasa...\" target=\"_blank\" rel=\"noopener noreferrer\" title=\"פתח מקור ↗ (O)\" aria-label=\"פתח מקור במקור המקור...\" class=\"hidden shrink-0 item...\">",
    +                 "target": Array [
    +                   "div[data-testid=\"feed-row-599\"] > .hover\\:border-accent.md\\:flex[title=\"פתח מקור ↗ (O)\"]",
    +                 ],
    +               },
    +               Object {
    +                 "html": "<span title=\"בדיקת אבטחה: תקין\" aria-label=\"בדיקת אבטחה: תקין\">",
    +                 "target": Array [
    +                   "div[data-testid=\"feed-row-599\"] > span[title=\"בדיקת אבטחה: תקין\"][aria-label=\"בדיקת אבטחה: תקין\"]",
    +                 ],
    +               },
    +               Object {
    +                 "html": "<a href=\"https://science.nasa.gov/ems/07_infraredwaves/\" target=\"_blank\" rel=\"noopener noreferrer\" data-testid=\"feed-row-title-link-599\" title=\"פתח מקור בכרטיסייה חדשה\" class=\"block truncate font-medium text-fg hover:text-accent hover:underline\"><bdi>Infrared Waves - NASA Science</bdi></a>",
    +                 "target": Array [
    +                   "a[data-testid=\"feed-row-title-link-599\"]",
    +                 ],
    +               },
    +             ],
    +           },
    +         ],
    +         "failureSummary": "Fix any of the following:
    +   Element has children which are not allowed: [role=img], button[aria-label], a[aria-label], span[aria-label], a",
    +         "html": "<div role=\"row\" data-testid=\"feed-row-599\" data-selected=\"false\" tabindex=\"-1\" aria-selected=\"false\" draggable=\"true\" class=\"absolute inset-x-0 flex h-16 items-center gap-3 border-b border-border px-3 text-sm cursor-pointer hover:bg-bg-sunken\" style=\"top: 256px;\">",
    +         "impact": "critical",
    +         "none": Array [],
    +         "target": Array [
    +           "div[data-testid=\"feed-row-599\"]",
    +         ],
    +       },
    +       Object {
    +         "all": Array [],
    +         "any": Array [
    +           Object {
    +             "data": Object {
    +               "messageKey": "unallowed",
    +               "values": "[role=img], button[aria-label], a[aria-label], span[aria-label], a",
    +             },
    +             "id": "aria-required-children",
    +             "impact": "critical",
    +             "message": "Element has children which are not allowed: [role=img], button[aria-label], a[aria-label], span[aria-label], a",
    +             "relatedNodes": Array [
    +               Object {
    +                 "html": "<span role=\"img\" aria-label=\"רמת דחיפות: ארכיון\" class=\"inline-flex items-center gap-1 rounded-md font-medium text-level-archive bg-level-archive-bg px-1.5 py-0.5 text-xs\" data-level=\"archive\">",
    +                 "target": Array [
    +                   "div[data-testid=\"feed-row-598\"] > .inline-flex.text-level-archive.bg-level-archive-bg",
    +                 ],
    +               },
    +               Object {
    +                 "html": "<button type=\"button\" aria-expanded=\"false\" aria-label=\"למה הציון?\" title=\"למה הציון?\" class=\"flex shrink-0 items-center justify-center rounded-md text-fg-dim hover:bg-bg-sunken hover:text-fg h-5 w-5\">",
    +                 "target": Array [
    +                   "div[data-testid=\"feed-row-598\"] > .h-5.w-5[aria-label=\"למה הציון?\"]",
    +                 ],
    +               },
    +               Object {
    +                 "html": "<a href=\"https://sciencenotes...\" target=\"_blank\" rel=\"noopener noreferrer\" title=\"פתח מקור ↗ (O)\" aria-label=\"פתח מקור במקור המקור...\" class=\"hidden shrink-0 item...\">",
    +                 "target": Array [
    +                   "div[data-testid=\"feed-row-598\"] > .hover\\:border-accent.md\\:flex[title=\"פתח מקור ↗ (O)\"]",
    +                 ],
    +               },
    +               Object {
    +                 "html": "<span title=\"בדיקת אבטחה: תקין\" aria-label=\"בדיקת אבטחה: תקין\">",
    +                 "target": Array [
    +                   "div[data-testid=\"feed-row-598\"] > span[title=\"בדיקת אבטחה: תקין\"][aria-label=\"בדיקת אבטחה: תקין\"]",
    +                 ],
    +               },
    +               Object {
    +                 "html": "<a href=\"https://sciencenotes.org/infrared-light-infrared-radiation/\" target=\"_blank\" rel=\"noopener noreferrer\" data-testid=\"feed-row-title-link-598\" title=\"פתח מקור בכרטיסייה חדשה\" class=\"block truncate font-medium text-fg hover:text-accent hover:underline\">",
    +                 "target": Array [
    +                   "a[data-testid=\"feed-row-title-link-598\"]",
    +                 ],
    +               },
    +             ],
    +           },
    +         ],
    +         "failureSummary": "Fix any of the following:
    +   Element has children which are not allowed: [role=img], button[aria-label], a[aria-label], span[aria-label], a",
    +         "html": "<div role=\"row\" data-testid=\"feed-row-598\" data-selected=\"false\" tabindex=\"-1\" aria-selected=\"false\" draggable=\"true\" class=\"absolute inset-x-0 flex h-16 items-center gap-3 border-b border-border px-3 text-sm cursor-pointer hover:bg-bg-sunken\" style=\"top: 320px;\">",
    +         "impact": "critical",
    +         "none": Array [],
    +         "target": Array [
    +           "div[data-testid=\"feed-row-598\"]",
    +         ],
    +       },
    +       Object {
    +         "all": Array [],
    +         "any": Array [
    +           Object {
    +             "data": Object {
    +               "messageKey": "unallowed",
    +               "values": "[role=img], button[aria-label], a[aria-label], span[aria-label], a",
    +             },
    +             "id": "aria-required-children",
    +             "impact": "critical",
    +             "message": "Element has children which are not allowed: [role=img], button[aria-label], a[aria-label], span[aria-label], a",
    +             "relatedNodes": Array [
    +               Object {
    +                 "html": "<span role=\"img\" aria-label=\"רמת דחיפות: ארכיון\" class=\"inline-flex items-center gap-1 rounded-md font-medium text-level-archive bg-level-archive-bg px-1.5 py-0.5 text-xs\" data-level=\"archive\">",
    +                 "target": Array [
    +                   "div[data-testid=\"feed-row-597\"] > .inline-flex.text-level-archive.bg-level-archive-bg",
    +                 ],
    +               },
    +               Object {
    +                 "html": "<button type=\"button\" aria-expanded=\"false\" aria-label=\"למה הציון?\" title=\"למה הציון?\" class=\"flex shrink-0 items-center justify-center rounded-md text-fg-dim hover:bg-bg-sunken hover:text-fg h-5 w-5\">",
    +                 "target": Array [
    +                   "div[data-testid=\"feed-row-597\"] > .h-5.w-5[aria-label=\"למה הציון?\"]",
    +                 ],
    +               },
    +               Object {
    +                 "html": "<a href=\"https://www.britanni...\" target=\"_blank\" rel=\"noopener noreferrer\" title=\"פתח מקור ↗ (O)\" aria-label=\"פתח מקור במקור המקור...\" class=\"hidden shrink-0 item...\">",
    +                 "target": Array [
    +                   "div[data-testid=\"feed-row-597\"] > .hover\\:border-accent.md\\:flex[title=\"פתח מקור ↗ (O)\"]",
    +                 ],
    +               },
    +               Object {
    +                 "html": "<span title=\"בדיקת אבטחה: תקין\" aria-label=\"בדיקת אבטחה: תקין\">",
    +                 "target": Array [
    +                   "div[data-testid=\"feed-row-597\"] > span[title=\"בדיקת אבטחה: תקין\"][aria-label=\"בדיקת אבטחה: תקין\"]",
    +                 ],
    +               },
    +               Object {
    +                 "html": "<a href=\"https://www.britannica.com/science/infrared-radiation\" target=\"_blank\" rel=\"noopener noreferrer\" data-testid=\"feed-row-title-link-597\" title=\"פתח מקור בכרטיסייה חדשה\" class=\"block truncate font-medium text-fg hover:text-accent hover:underline\">",
    +                 "target": Array [
    +                   "a[data-testid=\"feed-row-title-link-597\"]",
    +                 ],
    +               },
    +             ],
    +           },
    +         ],
    +         "failureSummary": "Fix any of the following:
    +   Element has children which are not allowed: [role=img], button[aria-label], a[aria-label], span[aria-label], a",
    +         "html": "<div role=\"row\" data-testid=\"feed-row-597\" data-selected=\"false\" tabindex=\"-1\" aria-selected=\"false\" draggable=\"true\" class=\"absolute inset-x-0 flex h-16 items-center gap-3 border-b border-border px-3 text-sm cursor-pointer hover:bg-bg-sunken\" style=\"top: 384px;\">",
    +         "impact": "critical",
    +         "none": Array [],
    +         "target": Array [
    +           "div[data-testid=\"feed-row-597\"]",
    +         ],
    +       },
    +       Object {
    +         "all": Array [],
    +         "any": Array [
    +           Object {
    +             "data": Object {
    +               "messageKey": "unallowed",
    +               "values": "[role=img], button[aria-label], a[aria-label], span[aria-label], a",
    +             },
    +             "id": "aria-required-children",
    +             "impact": "critical",
    +             "message": "Element has children which are not allowed: [role=img], button[aria-label], a[aria-label], span[aria-label], a",
    +             "relatedNodes": Array [
    +               Object {
    +                 "html": "<span role=\"img\" aria-label=\"רמת דחיפות: ארכיון\" class=\"inline-flex items-center gap-1 rounded-md font-medium text-level-archive bg-level-archive-bg px-1.5 py-0.5 text-xs\" data-level=\"archive\">",
    +                 "target": Array [
    +                   "div[data-testid=\"feed-row-596\"] > .inline-flex.text-level-archive.bg-level-archive-bg",
    +                 ],
    +               },
    +               Object {
    +                 "html": "<button type=\"button\" aria-expanded=\"false\" aria-label=\"למה הציון?\" title=\"למה הציון?\" class=\"flex shrink-0 items-center justify-center rounded-md text-fg-dim hover:bg-bg-sunken hover:text-fg h-5 w-5\">",
    +                 "target": Array [
    +                   "div[data-testid=\"feed-row-596\"] > .h-5.w-5[aria-label=\"למה הציון?\"]",
    +                 ],
    +               },
    +               Object {
    +                 "html": "<a href=\"https://scienceinsig...\" target=\"_blank\" rel=\"noopener noreferrer\" title=\"פתח מקור ↗ (O)\" aria-label=\"פתח מקור במקור המקור...\" class=\"hidden shrink-0 item...\">",
    +                 "target": Array [
    +                   "div[data-testid=\"feed-row-596\"] > .hover\\:border-accent.md\\:flex[title=\"פתח מקור ↗ (O)\"]",
    +                 ],
    +               },
    +               Object {
    +                 "html": "<span title=\"בדיקת אבטחה: תקין\" aria-label=\"בדיקת אבטחה: תקין\">",
    +                 "target": Array [
    +                   "div[data-testid=\"feed-row-596\"] > span[title=\"בדיקת אבטחה: תקין\"][aria-label=\"בדיקת אבטחה: תקין\"]",
    +                 ],
    +               },
    +               Object {
    +                 "html": "<a href=\"https://scienceinsights.org/what-is-infrared-light-and-how-does-it-work/\" target=\"_blank\" rel=\"noopener noreferrer\" data-testid=\"feed-row-title-link-596\" title=\"פתח מקור בכרטיסייה חדשה\" class=\"block truncate font-medium text-fg hover:text-accent hover:underline\">",
    +                 "target": Array [
    +                   "a[data-testid=\"feed-row-title-link-596\"]",
    +                 ],
    +               },
    +             ],
    +           },
    +         ],
    +         "failureSummary": "Fix any of the following:
    +   Element has children which are not allowed: [role=img], button[aria-label], a[aria-label], span[aria-label], a",
    +         "html": "<div role=\"row\" data-testid=\"feed-row-596\" data-selected=\"false\" tabindex=\"-1\" aria-selected=\"false\" draggable=\"true\" class=\"absolute inset-x-0 flex h-16 items-center gap-3 border-b border-border px-3 text-sm cursor-pointer hover:bg-bg-sunken\" style=\"top: 448px;\">",
    +         "impact": "critical",
    +         "none": Array [],
    +         "target": Array [
    +           "div[data-testid=\"feed-row-596\"]",
    +         ],
    +       },
    +       Object {
    +         "all": Array [],
    +         "any": Array [
    +           Object {
    +             "data": Object {
    +               "messageKey": "unallowed",
    +               "values": "[role=img], button[aria-label], a[aria-label], span[aria-label], a",
    +             },
    +             "id": "aria-required-children",
    +             "impact": "critical",
    +             "message": "Element has children which are not allowed: [role=img], button[aria-label], a[aria-label], span[aria-label], a",
    +             "relatedNodes": Array [
    +               Object {
    +                 "html": "<span role=\"img\" aria-label=\"רמת דחיפות: ארכיון\" class=\"inline-flex items-center gap-1 rounded-md font-medium text-level-archive bg-level-archive-bg px-1.5 py-0.5 text-xs\" data-level=\"archive\">",
    +                 "target": Array [
    +                   "div[data-testid=\"feed-row-594\"] > .inline-flex.text-level-archive.bg-level-archive-bg",
    +                 ],
    +               },
    +               Object {
    +                 "html": "<button type=\"button\" aria-expanded=\"false\" aria-label=\"למה הציון?\" title=\"למה הציון?\" class=\"flex shrink-0 items-center justify-center rounded-md text-fg-dim hover:bg-bg-sunken hover:text-fg h-5 w-5\">",
    +                 "target": Array [
    +                   "div[data-testid=\"feed-row-594\"] > .h-5.w-5[aria-label=\"למה הציון?\"]",
    +                 ],
    +               },
    +               Object {
    +                 "html": "<a href=\"https://www.contract...\" target=\"_blank\" rel=\"noopener noreferrer\" title=\"פתח מקור ↗ (O)\" aria-label=\"פתח מקור במקור המקור...\" class=\"hidden shrink-0 item...\">",
    +                 "target": Array [
    +                   "div[data-testid=\"feed-row-594\"] > .hover\\:border-accent.md\\:flex[title=\"פתח מקור ↗ (O)\"]",
    +                 ],
    +               },
    +               Object {
    +                 "html": "<span title=\"בדיקת אבטחה: תקין\" aria-label=\"בדיקת אבטחה: תקין\">",
    +                 "target": Array [
    +                   "div[data-testid=\"feed-row-594\"] > span[title=\"בדיקת אבטחה: תקין\"][aria-label=\"בדיקת אבטחה: תקין\"]",
    +                 ],
    +               },
    +               Object {
    +                 "html": "<a href=\"https://www.contractsfinder.service.gov.uk/Notice/6b77ffb8-9092-441b-98af-6f0a33f66227\" target=\"_blank\" rel=\"noopener noreferrer\" data-testid=\"feed-row-title-link-594\" title=\"פתח מקור בכרטיסייה חדשה\" class=\"block truncate font-medium text-fg hover:text-accent hover:underline\">",
    +                 "target": Array [
    +                   "a[data-testid=\"feed-row-title-link-594\"]",
    +                 ],
    +               },
    +             ],
    +           },
    +         ],
    +         "failureSummary": "Fix any of the following:
    +   Element has children which are not allowed: [role=img], button[aria-label], a[aria-label], span[aria-label], a",
    +         "html": "<div role=\"row\" data-testid=\"feed-row-594\" data-selected=\"false\" tabindex=\"-1\" aria-selected=\"false\" draggable=\"true\" class=\"absolute inset-x-0 flex h-16 items-center gap-3 border-b border-border px-3 text-sm cursor-pointer hover:bg-bg-sunken\" style=\"top: 512px;\">",
    +         "impact": "critical",
    +         "none": Array [],
    +         "target": Array [
    +           "div[data-testid=\"feed-row-594\"]",
    +         ],
    +       },
    +       Object {
    +         "all": Array [],
    +         "any": Array [
    +           Object {
    +             "data": Object {
    +               "messageKey": "unallowed",
    +               "values": "[role=img], button[aria-label], a[aria-label], span[aria-label], a",
    +             },
    +             "id": "aria-required-children",
    +             "impact": "critical",
    +             "message": "Element has children which are not allowed: [role=img], button[aria-label], a[aria-label], span[aria-label], a",
    +             "relatedNodes": Array [
    +               Object {
    +                 "html": "<span role=\"img\" aria-label=\"רמת דחיפות: ארכיון\" class=\"inline-flex items-center gap-1 rounded-md font-medium text-level-archive bg-level-archive-bg px-1.5 py-0.5 text-xs\" data-level=\"archive\">",
    +                 "target": Array [
    +                   "div[data-testid=\"feed-row-509\"] > .inline-flex.text-level-archive.bg-level-archive-bg",
    +                 ],
    +               },
    +               Object {
    +                 "html": "<button type=\"button\" aria-expanded=\"false\" aria-label=\"למה הציון?\" title=\"למה הציון?\" class=\"flex shrink-0 items-center justify-center rounded-md text-fg-dim hover:bg-bg-sunken hover:text-fg h-5 w-5\">",
    +                 "target": Array [
    +                   "div[data-testid=\"feed-row-509\"] > .h-5.w-5[aria-label=\"למה הציון?\"]",
    +                 ],
    +               },
    +               Object {
    +                 "html": "<a href=\"https://www.dvidshub...\" target=\"_blank\" rel=\"noopener noreferrer\" title=\"פתח מקור ↗ (O)\" aria-label=\"פתח מקור במקור המקור...\" class=\"hidden shrink-0 item...\">",
    +                 "target": Array [
    +                   "div[data-testid=\"feed-row-509\"] > .hover\\:border-accent.md\\:flex[title=\"פתח מקור ↗ (O)\"]",
    +                 ],
    +               },
    +               Object {
    +                 "html": "<span title=\"בדיקת אבטחה: תקין\" aria-label=\"בדיקת אבטחה: תקין\">",
    +                 "target": Array [
    +                   "div[data-testid=\"feed-row-509\"] > span[title=\"בדיקת אבטחה: תקין\"][aria-label=\"בדיקת אבטחה: תקין\"]",
    +                 ],
    +               },
    +               Object {
    +                 "html": "<a href=\"https://www.dvidshub...\" target=\"_blank\" rel=\"noopener noreferrer\" data-testid=\"feed-row-title-link-...\" title=\"פתח מקור בכרטיסייה ח...\" class=\"block truncate font-...\">",
    +                 "target": Array [
    +                   "a[data-testid=\"feed-row-title-link-509\"]",
    +                 ],
    +               },
    +             ],
    +           },
    +         ],
    +         "failureSummary": "Fix any of the following:
    +   Element has children which are not allowed: [role=img], button[aria-label], a[aria-label], span[aria-label], a",
    +         "html": "<div role=\"row\" data-testid=\"feed-row-509\" data-selected=\"false\" tabindex=\"-1\" aria-selected=\"false\" draggable=\"true\" class=\"absolute inset-x-0 flex h-16 items-center gap-3 border-b border-border px-3 text-sm cursor-pointer hover:bg-bg-sunken\" style=\"top: 576px;\">",
    +         "impact": "critical",
    +         "none": Array [],
    +         "target": Array [
    +           "div[data-testid=\"feed-row-509\"]",
    +         ],
    +       },
    +       Object {
    +         "all": Array [],
    +         "any": Array [
    +           Object {
    +             "data": Object {
    +               "messageKey": "unallowed",
    +               "values": "[role=img], button[aria-label], a[aria-label], span[aria-label], a",
    +             },
    +             "id": "aria-required-children",
    +             "impact": "critical",
    +             "message": "Element has children which are not allowed: [role=img], button[aria-label], a[aria-label], span[aria-label], a",
    +             "relatedNodes": Array [
    +               Object {
    +                 "html": "<span role=\"img\" aria-label=\"רמת דחיפות: ארכיון\" class=\"inline-flex items-center gap-1 rounded-md font-medium text-level-archive bg-level-archive-bg px-1.5 py-0.5 text-xs\" data-level=\"archive\">",
    +                 "target": Array [
    +                   "div[data-testid=\"feed-row-297\"] > .inline-flex.text-level-archive.bg-level-archive-bg",
    +                 ],
    +               },
    +               Object {
    +                 "html": "<button type=\"button\" aria-expanded=\"false\" aria-label=\"למה הציון?\" title=\"למה הציון?\" class=\"flex shrink-0 items-center justify-center rounded-md text-fg-dim hover:bg-bg-sunken hover:text-fg h-5 w-5\">",
    +                 "target": Array [
    +                   "div[data-testid=\"feed-row-297\"] > .h-5.w-5[aria-label=\"למה הציון?\"]",
    +                 ],
    +               },
    +               Object {
    +                 "html": "<a href=\"https://www.airforce...\" target=\"_blank\" rel=\"noopener noreferrer\" title=\"פתח מקור ↗ (O)\" aria-label=\"פתח מקור במקור המקור...\" class=\"hidden shrink-0 item...\">",
    +                 "target": Array [
    +                   "div[data-testid=\"feed-row-297\"] > .hover\\:border-accent.md\\:flex[title=\"פתח מקור ↗ (O)\"]",
    +                 ],
    +               },
    +               Object {
    +                 "html": "<span title=\"בדיקת אבטחה: תקין\" aria-label=\"בדיקת אבטחה: תקין\">",
    +                 "target": Array [
    +                   "div[data-testid=\"feed-row-297\"] > span[title=\"בדיקת אבטחה: תקין\"][aria-label=\"בדיקת אבטחה: תקין\"]",
    +                 ],
    +               },
    +               Object {
    +                 "html": "<a href=\"https://www.airforce-technology.com/news/open-cosmos-tacsys-satellite-framework/\" target=\"_blank\" rel=\"noopener noreferrer\" data-testid=\"feed-row-title-link-297\" title=\"פתח מקור בכרטיסייה חדשה\" class=\"block truncate font-medium text-fg hover:text-accent hover:underline\">",
    +                 "target": Array [
    +                   "a[data-testid=\"feed-row-title-link-297\"]",
    +                 ],
    +               },
    +             ],
    +           },
    +         ],
    +         "failureSummary": "Fix any of the following:
    +   Element has children which are not allowed: [role=img], button[aria-label], a[aria-label], span[aria-label], a",
    +         "html": "<div role=\"row\" data-testid=\"feed-row-297\" data-selected=\"false\" tabindex=\"-1\" aria-selected=\"false\" draggable=\"true\" class=\"absolute inset-x-0 flex h-16 items-center gap-3 border-b border-border px-3 text-sm cursor-pointer hover:bg-bg-sunken\" style=\"top: 640px;\">",
    +         "impact": "critical",
    +         "none": Array [],
    +         "target": Array [
    +           "div[data-testid=\"feed-row-297\"]",
    +         ],
    +       },
    +       Object {
    +         "all": Array [],
    +         "any": Array [
    +           Object {
    +             "data": Object {
    +               "messageKey": "unallowed",
    +               "values": "[role=img], button[aria-label], a[aria-label], span[aria-label], a",
    +             },
    +             "id": "aria-required-children",
    +             "impact": "critical",
    +             "message": "Element has children which are not allowed: [role=img], button[aria-label], a[aria-label], span[aria-label], a",
    +             "relatedNodes": Array [
    +               Object {
    +                 "html": "<span role=\"img\" aria-label=\"רמת דחיפות: ארכיון\" class=\"inline-flex items-center gap-1 rounded-md font-medium text-level-archive bg-level-archive-bg px-1.5 py-0.5 text-xs\" data-level=\"archive\">",
    +                 "target": Array [
    +                   "div[data-testid=\"feed-row-295\"] > .inline-flex.text-level-archive.bg-level-archive-bg",
    +                 ],
    +               },
    +               Object {
    +                 "html": "<button type=\"button\" aria-expanded=\"false\" aria-label=\"למה הציון?\" title=\"למה הציון?\" class=\"flex shrink-0 items-center justify-center rounded-md text-fg-dim hover:bg-bg-sunken hover:text-fg h-5 w-5\">",
    +                 "target": Array [
    +                   "div[data-testid=\"feed-row-295\"] > .h-5.w-5[aria-label=\"למה הציון?\"]",
    +                 ],
    +               },
    +               Object {
    +                 "html": "<a href=\"https://www.naval-te...\" target=\"_blank\" rel=\"noopener noreferrer\" title=\"פתח מקור ↗ (O)\" aria-label=\"פתח מקור במקור המקור...\" class=\"hidden shrink-0 item...\">",
    +                 "target": Array [
    +                   "div[data-testid=\"feed-row-295\"] > .hover\\:border-accent.md\\:flex[title=\"פתח מקור ↗ (O)\"]",
    +                 ],
    +               },
    +               Object {
    +                 "html": "<span title=\"בדיקת אבטחה: תקין\" aria-label=\"בדיקת אבטחה: תקין\">",
    +                 "target": Array [
    +                   "div[data-testid=\"feed-row-295\"] > span[title=\"בדיקת אבטחה: תקין\"][aria-label=\"בדיקת אבטחה: תקין\"]",
    +                 ],
    +               },
    +               Object {
    +                 "html": "<a href=\"https://www.naval-technology.com/news/hms-bulwark-uk-brazil-sale/\" target=\"_blank\" rel=\"noopener noreferrer\" data-testid=\"feed-row-title-link-295\" title=\"פתח מקור בכרטיסייה חדשה\" class=\"block truncate font-medium text-fg hover:text-accent hover:underline\">",
    +                 "target": Array [
    +                   "a[data-testid=\"feed-row-title-link-295\"]",
    +                 ],
    +               },
    +             ],
    +           },
    +         ],
    +         "failureSummary": "Fix any of the following:
    +   Element has children which are not allowed: [role=img], button[aria-label], a[aria-label], span[aria-label], a",
    +         "html": "<div role=\"row\" data-testid=\"feed-row-295\" data-selected=\"false\" tabindex=\"-1\" aria-selected=\"false\" draggable=\"true\" class=\"absolute inset-x-0 flex h-16 items-center gap-3 border-b border-border px-3 text-sm cursor-pointer hover:bg-bg-sunken\" style=\"top: 704px;\">",
    +         "impact": "critical",
    +         "none": Array [],
    +         "target": Array [
    +           "div[data-testid=\"feed-row-295\"]",
    +         ],
    +       },
    +       Object {
    +         "all": Array [],
    +         "any": Array [
    +           Object {
    +             "data": Object {
    +               "messageKey": "unallowed",
    +               "values": "[role=img], button[aria-label], a[aria-label], span[aria-label], a",
    +             },
    +             "id": "aria-required-children",
    +             "impact": "critical",
    +             "message": "Element has children which are not allowed: [role=img], button[aria-label], a[aria-label], span[aria-label], a",
    +             "relatedNodes": Array [
    +               Object {
    +                 "html": "<span role=\"img\" aria-label=\"רמת דחיפות: ארכיון\" class=\"inline-flex items-center gap-1 rounded-md font-medium text-level-archive bg-level-archive-bg px-1.5 py-0.5 text-xs\" data-level=\"archive\">",
    +                 "target": Array [
    +                   "div[data-testid=\"feed-row-281\"] > .inline-flex.text-level-archive.bg-level-archive-bg",
    +                 ],
    +               },
    +               Object {
    +                 "html": "<button type=\"button\" aria-expanded=\"false\" aria-label=\"למה הציון?\" title=\"למה הציון?\" class=\"flex shrink-0 items-center justify-center rounded-md text-fg-dim hover:bg-bg-sunken hover:text-fg h-5 w-5\">",
    +                 "target": Array [
    +                   "div[data-testid=\"feed-row-281\"] > .h-5.w-5[aria-label=\"למה הציון?\"]",
    +                 ],
    +               },
    +               Object {
    +                 "html": "<a href=\"https://www.army-tec...\" target=\"_blank\" rel=\"noopener noreferrer\" title=\"פתח מקור ↗ (O)\" aria-label=\"פתח מקור במקור המקור...\" class=\"hidden shrink-0 item...\">",
    +                 "target": Array [
    +                   "div[data-testid=\"feed-row-281\"] > .hover\\:border-accent.md\\:flex[title=\"פתח מקור ↗ (O)\"]",
    +                 ],
    +               },
    +               Object {
    +                 "html": "<span title=\"בדיקת אבטחה: תקין\" aria-label=\"בדיקת אבטחה: תקין\">",
    +                 "target": Array [
    +                   "div[data-testid=\"feed-row-281\"] > span[title=\"בדיקת אבטחה: תקין\"][aria-label=\"בדיקת אבטחה: תקין\"]",
    +                 ],
    +               },
    +               Object {
    +                 "html": "<a href=\"https://www.army-technology.com/news/us-iraq-bell-helicopter/\" target=\"_blank\" rel=\"noopener noreferrer\" data-testid=\"feed-row-title-link-281\" title=\"פתח מקור בכרטיסייה חדשה\" class=\"block truncate font-medium text-fg hover:text-accent hover:underline\">",
    +                 "target": Array [
    +                   "a[data-testid=\"feed-row-title-link-281\"]",
    +                 ],
    +               },
    +             ],
    +           },
    +         ],
    +         "failureSummary": "Fix any of the following:
    +   Element has children which are not allowed: [role=img], button[aria-label], a[aria-label], span[aria-label], a",
    +         "html": "<div role=\"row\" data-testid=\"feed-row-281\" data-selected=\"false\" tabindex=\"-1\" aria-selected=\"false\" draggable=\"true\" class=\"absolute inset-x-0 flex h-16 items-center gap-3 border-b border-border px-3 text-sm cursor-pointer hover:bg-bg-sunken\" style=\"top: 768px;\">",
    +         "impact": "critical",
    +         "none": Array [],
    +         "target": Array [
    +           "div[data-testid=\"feed-row-281\"]",
    +         ],
    +       },
    +       Object {
    +         "all": Array [],
    +         "any": Array [
    +           Object {
    +             "data": Object {
    +               "messageKey": "unallowed",
    +               "values": "[role=img], button[aria-label], a[aria-label], span[aria-label], a",
    +             },
    +             "id": "aria-required-children",
    +             "impact": "critical",
    +             "message": "Element has children which are not allowed: [role=img], button[aria-label], a[aria-label], span[aria-label], a",
    +             "relatedNodes": Array [
    +               Object {
    +                 "html": "<span role=\"img\" aria-label=\"רמת דחיפות: ארכיון\" class=\"inline-flex items-center gap-1 rounded-md font-medium text-level-archive bg-level-archive-bg px-1.5 py-0.5 text-xs\" data-level=\"archive\">",
    +                 "target": Array [
    +                   "div[data-testid=\"feed-row-278\"] > .inline-flex.text-level-archive.bg-level-archive-bg",
    +                 ],
    +               },
    +               Object {
    +                 "html": "<button type=\"button\" aria-expanded=\"false\" aria-label=\"למה הציון?\" title=\"למה הציון?\" class=\"flex shrink-0 items-center justify-center rounded-md text-fg-dim hover:bg-bg-sunken hover:text-fg h-5 w-5\">",
    +                 "target": Array [
    +                   "div[data-testid=\"feed-row-278\"] > .h-5.w-5[aria-label=\"למה הציון?\"]",
    +                 ],
    +               },
    +               Object {
    +                 "html": "<a href=\"https://www.naval-te...\" target=\"_blank\" rel=\"noopener noreferrer\" title=\"פתח מקור ↗ (O)\" aria-label=\"פתח מקור במקור המקור...\" class=\"hidden shrink-0 item...\">",
    +                 "target": Array [
    +                   "div[data-testid=\"feed-row-278\"] > .hover\\:border-accent.md\\:flex[title=\"פתח מקור ↗ (O)\"]",
    +                 ],
    +               },
    +               Object {
    +                 "html": "<span title=\"בדיקת אבטחה: תקין\" aria-label=\"בדיקת אבטחה: תקין\">",
    +                 "target": Array [
    +                   "div[data-testid=\"feed-row-278\"] > span[title=\"בדיקת אבטחה: תקין\"][aria-label=\"בדיקת אבטחה: תקין\"]",
    +                 ],
    +               },
    +               Object {
    +                 "html": "<a href=\"https://www.naval-technology.com/news/german-navy-vessel-launches-lora-ballistic-missiles/\" target=\"_blank\" rel=\"noopener noreferrer\" data-testid=\"feed-row-title-link-278\" title=\"פתח מקור בכרטיסייה חדשה\" class=\"block truncate font-medium text-fg hover:text-accent hover:underline\">",
    +                 "target": Array [
    +                   "a[data-testid=\"feed-row-title-link-278\"]",
    +                 ],
    +               },
    +             ],
    +           },
    +         ],
    +         "failureSummary": "Fix any of the following:
    +   Element has children which are not allowed: [role=img], button[aria-label], a[aria-label], span[aria-label], a",
    +         "html": "<div role=\"row\" data-testid=\"feed-row-278\" data-selected=\"false\" tabindex=\"-1\" aria-selected=\"false\" draggable=\"true\" class=\"absolute inset-x-0 flex h-16 items-center gap-3 border-b border-border px-3 text-sm cursor-pointer hover:bg-bg-sunken\" style=\"top: 832px;\">",
    +         "impact": "critical",
    +         "none": Array [],
    +         "target": Array [
    +           "div[data-testid=\"feed-row-278\"]",
    +         ],
    +       },
    +       Object {
    +         "all": Array [],
    +         "any": Array [
    +           Object {
    +             "data": Object {
    +               "messageKey": "unallowed",
    +               "values": "[role=img], button[aria-label], a[aria-label], span[aria-label], a",
    +             },
    +             "id": "aria-required-children",
    +             "impact": "critical",
    +             "message": "Element has children which are not allowed: [role=img], button[aria-label], a[aria-label], span[aria-label], a",
    +             "relatedNodes": Array [
    +               Object {
    +                 "html": "<span role=\"img\" aria-label=\"רמת דחיפות: ארכיון\" class=\"inline-flex items-center gap-1 rounded-md font-medium text-level-archive bg-level-archive-bg px-1.5 py-0.5 text-xs\" data-level=\"archive\">",
    +                 "target": Array [
    +                   "div[data-testid=\"feed-row-263\"] > .inline-flex.text-level-archive.bg-level-archive-bg",
    +                 ],
    +               },
    +               Object {
    +                 "html": "<button type=\"button\" aria-expanded=\"false\" aria-label=\"למה הציון?\" title=\"למה הציון?\" class=\"flex shrink-0 items-center justify-center rounded-md text-fg-dim hover:bg-bg-sunken hover:text-fg h-5 w-5\">",
    +                 "target": Array [
    +                   "div[data-testid=\"feed-row-263\"] > .h-5.w-5[aria-label=\"למה הציון?\"]",
    +                 ],
    +               },
    +               Object {
    +                 "html": "<a href=\"https://www.army-tec...\" target=\"_blank\" rel=\"noopener noreferrer\" title=\"פתח מקור ↗ (O)\" aria-label=\"פתח מקור במקור המקור...\" class=\"hidden shrink-0 item...\">",
    +                 "target": Array [
    +                   "div[data-testid=\"feed-row-263\"] > .hover\\:border-accent.md\\:flex[title=\"פתח מקור ↗ (O)\"]",
    +                 ],
    +               },
    +               Object {
    +                 "html": "<span title=\"בדיקת אבטחה: תקין\" aria-label=\"בדיקת אבטחה: תקין\">",
    +                 "target": Array [
    +                   "div[data-testid=\"feed-row-263\"] > span[title=\"בדיקת אבטחה: תקין\"][aria-label=\"בדיקת אבטחה: תקין\"]",
    +                 ],
    +               },
    +               Object {
    +                 "html": "<a href=\"https://www.army-technology.com/features/forecasts-finland-defence-market-data-2026-2035/\" target=\"_blank\" rel=\"noopener noreferrer\" data-testid=\"feed-row-title-link-263\" title=\"פתח מקור בכרטיסייה חדשה\" class=\"block truncate font-medium text-fg hover:text-accent hover:underline\">",
    +                 "target": Array [
    +                   "a[data-testid=\"feed-row-title-link-263\"]",
    +                 ],
    +               },
    +             ],
    +           },
    +         ],
    +         "failureSummary": "Fix any of the following:
    +   Element has children which are not allowed: [role=img], button[aria-label], a[aria-label], span[aria-label], a",
    +         "html": "<div role=\"row\" data-testid=\"feed-row-263\" data-selected=\"false\" tabindex=\"-1\" aria-selected=\"false\" draggable=\"true\" class=\"absolute inset-x-0 flex h-16 items-center gap-3 border-b border-border px-3 text-sm cursor-pointer hover:bg-bg-sunken\" style=\"top: 896px;\">",
    +         "impact": "critical",
    +         "none": Array [],
    +         "target": Array [
    +           "div[data-testid=\"feed-row-263\"]",
    +         ],
    +       },
    +       Object {
    +         "all": Array [],
    +         "any": Array [
    +           Object {
    +             "data": Object {
    +               "messageKey": "unallowed",
    +               "values": "[role=img], button[aria-label], a[aria-label], span[aria-label], a",
    +             },
    +             "id": "aria-required-children",
    +             "impact": "critical",
    +             "message": "Element has children which are not allowed: [role=img], button[aria-label], a[aria-label], span[aria-label], a",
    +             "relatedNodes": Array [
    +               Object {
    +                 "html": "<span role=\"img\" aria-label=\"רמת דחיפות: ארכיון\" class=\"inline-flex items-center gap-1 rounded-md font-medium text-level-archive bg-level-archive-bg px-1.5 py-0.5 text-xs\" data-level=\"archive\">",
    +                 "target": Array [
    +                   "div[data-testid=\"feed-row-220\"] > .inline-flex.text-level-archive.bg-level-archive-bg",
    +                 ],
    +               },
    +               Object {
    +                 "html": "<button type=\"button\" aria-expanded=\"false\" aria-label=\"למה הציון?\" title=\"למה הציון?\" class=\"flex shrink-0 items-center justify-center rounded-md text-fg-dim hover:bg-bg-sunken hover:text-fg h-5 w-5\">",
    +                 "target": Array [
    +                   "div[data-testid=\"feed-row-220\"] > .h-5.w-5[aria-label=\"למה הציון?\"]",
    +                 ],
    +               },
    +               Object {
    +                 "html": "<a href=\"https://www.leonardo...\" target=\"_blank\" rel=\"noopener noreferrer\" title=\"פתח מקור ↗ (O)\" aria-label=\"פתח מקור במקור המקור...\" class=\"hidden shrink-0 item...\">",
    +                 "target": Array [
    +                   "div[data-testid=\"feed-row-220\"] > .hover\\:border-accent.md\\:flex[title=\"פתח מקור ↗ (O)\"]",
    +                 ],
    +               },
    +               Object {
    +                 "html": "<span title=\"בדיקת אבטחה: תקין\" aria-label=\"בדיקת אבטחה: תקין\">",
    +                 "target": Array [
    +                   "div[data-testid=\"feed-row-220\"] > span[title=\"בדיקת אבטחה: תקין\"][aria-label=\"בדיקת אבטחה: תקין\"]",
    +                 ],
    +               },
    +               Object {
    +                 "html": "<a href=\"https://www.leonardo...\" target=\"_blank\" rel=\"noopener noreferrer\" data-testid=\"feed-row-title-link-...\" title=\"פתח מקור בכרטיסייה ח...\" class=\"block truncate font-...\">",
    +                 "target": Array [
    +                   ".italic",
    +                 ],
    +               },
    +             ],
    +           },
    +         ],
    +         "failureSummary": "Fix any of the following:
    +   Element has children which are not allowed: [role=img], button[aria-label], a[aria-label], span[aria-label], a",
    +         "html": "<div role=\"row\" data-testid=\"feed-row-220\" data-selected=\"false\" tabindex=\"-1\" aria-selected=\"false\" draggable=\"true\" class=\"absolute inset-x-0 flex h-16 items-center gap-3 border-b border-border px-3 text-sm cursor-pointer hover:bg-bg-sunken\" style=\"top: 960px;\">",
    +         "impact": "critical",
    +         "none": Array [],
    +         "target": Array [
    +           "div[data-testid=\"feed-row-220\"]",
    +         ],
    +       },
    +     ],
    +     "tags": Array [
    +       "cat.aria",
    +       "wcag2a",
    +       "wcag131",
    +       "EN-301-549",
    +       "EN-9.1.3.1",
    +       "RGAAv4",
    +       "RGAA-9.3.1",
    +     ],
    +   },
    + ]

      66 |           .map((v) => `${v.id}: ${v.help} (${v.nodes.length} node(s)) — ${v.nodes[0]?.target.join(" ")}`)
      67 |           .join("\n");
    > 68 |         expect(critical, `Critical axe violations on ${screen.path}:\n${details}`).toEqual([]);
         |                                                                                    ^
      69 |       }
      70 |
      71 |       // Non-critical violations are recorded as an attachment for visibility
        at C:\Users\cohyo\Documents\EO-analyst\e2e\tests\13-accessibility.spec.ts:68:84

    attachment #1: screenshot (image/png) ──────────────────────────────────────────────────────────
    test-results\13-accessibility-Accessibi-652fa--has-no-critical-violations-desktop-1440x900\test-failed-1.png
    ────────────────────────────────────────────────────────────────────────────────────────────────

    attachment #2: video (video/webm) ──────────────────────────────────────────────────────────────
    test-results\13-accessibility-Accessibi-652fa--has-no-critical-violations-desktop-1440x900\video.webm
    ────────────────────────────────────────────────────────────────────────────────────────────────

    attachment #3: video (video/webm) ──────────────────────────────────────────────────────────────
    test-results\13-accessibility-Accessibi-652fa--has-no-critical-violations-desktop-1440x900\video-1.webm
    ────────────────────────────────────────────────────────────────────────────────────────────────

    Error Context: test-results\13-accessibility-Accessibi-652fa--has-no-critical-violations-desktop-1440x900\error-context.md

    attachment #5: trace (application/zip) ─────────────────────────────────────────────────────────
    test-results\13-accessibility-Accessibi-652fa--has-no-critical-violations-desktop-1440x900\trace.zip
    Usage:

        npx playwright show-trace test-results\13-accessibility-Accessibi-652fa--has-no-critical-violations-desktop-1440x900\trace.zip

    ────────────────────────────────────────────────────────────────────────────────────────────────

  6) [mobile-390x844] › tests\00-navigation.spec.ts:23:7 › Navigation rail › every nav link routes and updates the page heading 

    TimeoutError: locator.click: Timeout 15000ms exceeded.
    Call log:
      - waiting for getByRole('navigation', { name: 'ניווט ראשי' }).getByRole('link', { name: 'הבוקר' })


      29 |     for (const screen of SCREENS) {
      30 |       const link = nav.getByRole("link", { name: screen.label });
    > 31 |       await link.click();
         |                  ^
      32 |       await expect(page).toHaveURL(new RegExp(`${screen.path === "/" ? "/$" : screen.path}`));
      33 |       const h1 = page.locator("header h1");
      34 |       await expect(h1).toHaveText(screen.heading);
        at C:\Users\cohyo\Documents\EO-analyst\e2e\tests\00-navigation.spec.ts:31:18

    attachment #1: screenshot (image/png) ──────────────────────────────────────────────────────────
    test-results\00-navigation-Navigation-r-0fd44-nd-updates-the-page-heading-mobile-390x844\test-failed-1.png
    ────────────────────────────────────────────────────────────────────────────────────────────────

    attachment #2: video (video/webm) ──────────────────────────────────────────────────────────────
    test-results\00-navigation-Navigation-r-0fd44-nd-updates-the-page-heading-mobile-390x844\video.webm
    ────────────────────────────────────────────────────────────────────────────────────────────────

    Error Context: test-results\00-navigation-Navigation-r-0fd44-nd-updates-the-page-heading-mobile-390x844\error-context.md

    attachment #4: trace (application/zip) ─────────────────────────────────────────────────────────
    test-results\00-navigation-Navigation-r-0fd44-nd-updates-the-page-heading-mobile-390x844\trace.zip
    Usage:

        npx playwright show-trace test-results\00-navigation-Navigation-r-0fd44-nd-updates-the-page-heading-mobile-390x844\trace.zip

    ────────────────────────────────────────────────────────────────────────────────────────────────

  7) [mobile-390x844] › tests\00-navigation.spec.ts:38:7 › Navigation rail › active nav link is highlighted with aria-current 

    Error: expect(locator).toHaveAttribute(expected) failed

    Locator: getByRole('navigation', { name: 'ניווט ראשי' }).getByRole('link', { name: 'פיד Triage' })
    Expected: "page"
    Timeout: 15000ms
    Error: element(s) not found

    Call log:
      - Expect "toHaveAttribute" with timeout 15000ms
      - waiting for getByRole('navigation', { name: 'ניווט ראשי' }).getByRole('link', { name: 'פיד Triage' })


      40 |     const nav = page.getByRole("navigation", { name: "ניווט ראשי" });
      41 |     const activeLink = nav.getByRole("link", { name: "פיד Triage" });
    > 42 |     await expect(activeLink).toHaveAttribute("aria-current", "page");
         |                              ^
      43 |
      44 |     const morningLink = nav.getByRole("link", { name: "הבוקר" });
      45 |     await expect(morningLink).not.toHaveAttribute("aria-current", "page");
        at C:\Users\cohyo\Documents\EO-analyst\e2e\tests\00-navigation.spec.ts:42:30

    attachment #1: screenshot (image/png) ──────────────────────────────────────────────────────────
    test-results\00-navigation-Navigation-r-05d2c-ghlighted-with-aria-current-mobile-390x844\test-failed-1.png
    ────────────────────────────────────────────────────────────────────────────────────────────────

    attachment #2: video (video/webm) ──────────────────────────────────────────────────────────────
    test-results\00-navigation-Navigation-r-05d2c-ghlighted-with-aria-current-mobile-390x844\video.webm
    ────────────────────────────────────────────────────────────────────────────────────────────────

    Error Context: test-results\00-navigation-Navigation-r-05d2c-ghlighted-with-aria-current-mobile-390x844\error-context.md

    attachment #4: trace (application/zip) ─────────────────────────────────────────────────────────
    test-results\00-navigation-Navigation-r-05d2c-ghlighted-with-aria-current-mobile-390x844\trace.zip
    Usage:

        npx playwright show-trace test-results\00-navigation-Navigation-r-05d2c-ghlighted-with-aria-current-mobile-390x844\trace.zip

    ────────────────────────────────────────────────────────────────────────────────────────────────

  8) [mobile-390x844] › tests\00-navigation.spec.ts:48:7 › Navigation rail › browser back navigates to the previous screen 

    TimeoutError: locator.click: Timeout 15000ms exceeded.
    Call log:
      - waiting for getByRole('navigation', { name: 'ניווט ראשי' }).getByRole('link', { name: 'פיד Triage' })


      48 |   test("browser back navigates to the previous screen", async ({ page }) => {
      49 |     await page.goto("/");
    > 50 |     await page.getByRole("navigation", { name: "ניווט ראשי" }).getByRole("link", { name: "פיד Triage" }).click();
         |                                                                                                          ^
      51 |     await expect(page).toHaveURL(/\/feed/);
      52 |     await page.getByRole("navigation", { name: "ניווט ראשי" }).getByRole("link", { name: "ישויות וגרף" }).click();
      53 |     await expect(page).toHaveURL(/\/entities/);
        at C:\Users\cohyo\Documents\EO-analyst\e2e\tests\00-navigation.spec.ts:50:106

    attachment #1: screenshot (image/png) ──────────────────────────────────────────────────────────
    test-results\00-navigation-Navigation-r-46142-ates-to-the-previous-screen-mobile-390x844\test-failed-1.png
    ────────────────────────────────────────────────────────────────────────────────────────────────

    attachment #2: video (video/webm) ──────────────────────────────────────────────────────────────
    test-results\00-navigation-Navigation-r-46142-ates-to-the-previous-screen-mobile-390x844\video.webm
    ────────────────────────────────────────────────────────────────────────────────────────────────

    Error Context: test-results\00-navigation-Navigation-r-46142-ates-to-the-previous-screen-mobile-390x844\error-context.md

    attachment #4: trace (application/zip) ─────────────────────────────────────────────────────────
    test-results\00-navigation-Navigation-r-46142-ates-to-the-previous-screen-mobile-390x844\trace.zip
    Usage:

        npx playwright show-trace test-results\00-navigation-Navigation-r-46142-ates-to-the-previous-screen-mobile-390x844\trace.zip

    ────────────────────────────────────────────────────────────────────────────────────────────────

  9) [mobile-390x844] › tests\02-feed.spec.ts:186:7 › Feed screen (/feed) › keyboard: J/K move selection, Enter opens the detail panel 

    Error: expect(locator).toBeVisible() failed

    Locator: locator('[data-testid="feed-detail-panel"]')
    Expected: visible
    Timeout: 10000ms
    Error: element(s) not found

    Call log:
      - Expect "toBeVisible" with timeout 10000ms
      - waiting for locator('[data-testid="feed-detail-panel"]')


      201 |
      202 |     await page.keyboard.press("Enter");
    > 203 |     await expect(page.locator('[data-testid="feed-detail-panel"]')).toBeVisible({ timeout: 10_000 });
          |                                                                     ^
      204 |   });
      205 |
      206 |   test("keyboard: 1-4 re-rates the selected row via POST /api/items/{id}/feedback", async ({ page }) => {
        at C:\Users\cohyo\Documents\EO-analyst\e2e\tests\02-feed.spec.ts:203:69

    attachment #1: screenshot (image/png) ──────────────────────────────────────────────────────────
    test-results\02-feed-Feed-screen-feed-k-8f0da-nter-opens-the-detail-panel-mobile-390x844\test-failed-1.png
    ────────────────────────────────────────────────────────────────────────────────────────────────

    attachment #2: video (video/webm) ──────────────────────────────────────────────────────────────
    test-results\02-feed-Feed-screen-feed-k-8f0da-nter-opens-the-detail-panel-mobile-390x844\video.webm
    ────────────────────────────────────────────────────────────────────────────────────────────────

    Error Context: test-results\02-feed-Feed-screen-feed-k-8f0da-nter-opens-the-detail-panel-mobile-390x844\error-context.md

    attachment #4: trace (application/zip) ─────────────────────────────────────────────────────────
    test-results\02-feed-Feed-screen-feed-k-8f0da-nter-opens-the-detail-panel-mobile-390x844\trace.zip
    Usage:

        npx playwright show-trace test-results\02-feed-Feed-screen-feed-k-8f0da-nter-opens-the-detail-panel-mobile-390x844\trace.zip

    ────────────────────────────────────────────────────────────────────────────────────────────────

  10) [mobile-390x844] › tests\02-feed.spec.ts:264:7 › Feed screen (/feed) › detail panel never renders blank: shows a summary or an explicit "not yet summarized" state 

    Error: expect(locator).toBeVisible() failed

    Locator: locator('[data-testid="feed-detail-panel"]')
    Expected: visible
    Timeout: 10000ms
    Error: element(s) not found

    Call log:
      - Expect "toBeVisible" with timeout 10000ms
      - waiting for locator('[data-testid="feed-detail-panel"]')


      272 |
      273 |     const panel = page.locator('[data-testid="feed-detail-panel"]');
    > 274 |     await expect(panel).toBeVisible({ timeout: 10_000 });
          |                         ^
      275 |
      276 |     // Panel must never be visually/semantically empty: it always has the
      277 |     // header (title) plus at least one of: a summary section, a triage
        at C:\Users\cohyo\Documents\EO-analyst\e2e\tests\02-feed.spec.ts:274:25

    attachment #1: screenshot (image/png) ──────────────────────────────────────────────────────────
    test-results\02-feed-Feed-screen-feed-d-5a3eb-it-not-yet-summarized-state-mobile-390x844\test-failed-1.png
    ────────────────────────────────────────────────────────────────────────────────────────────────

    attachment #2: video (video/webm) ──────────────────────────────────────────────────────────────
    test-results\02-feed-Feed-screen-feed-d-5a3eb-it-not-yet-summarized-state-mobile-390x844\video.webm
    ────────────────────────────────────────────────────────────────────────────────────────────────

    Error Context: test-results\02-feed-Feed-screen-feed-d-5a3eb-it-not-yet-summarized-state-mobile-390x844\error-context.md

    attachment #4: trace (application/zip) ─────────────────────────────────────────────────────────
    test-results\02-feed-Feed-screen-feed-d-5a3eb-it-not-yet-summarized-state-mobile-390x844\trace.zip
    Usage:

        npx playwright show-trace test-results\02-feed-Feed-screen-feed-d-5a3eb-it-not-yet-summarized-state-mobile-390x844\trace.zip

    ────────────────────────────────────────────────────────────────────────────────────────────────

  11) [mobile-390x844] › tests\07-conferences.spec.ts:17:7 › Conferences screen (/conferences) › each row has an outbound link (href http) or a clearly labeled "אין קישור" — never a silent blank 

    Error: row 0 (""): no outbound link AND no "אין קישור" label
    row 1 (""): no outbound link AND no "אין קישור" label
    row 2 (""): no outbound link AND no "אין קישור" label
    row 3 (""): no outbound link AND no "אין קישור" label
    row 4 (""): no outbound link AND no "אין קישור" label
    row 5 (""): no outbound link AND no "אין קישור" label
    row 6 (""): no outbound link AND no "אין קישור" label
    row 7 (""): no outbound link AND no "אין קישור" label
    row 8 (""): no outbound link AND no "אין קישור" label
    row 9 (""): no outbound link AND no "אין קישור" label
    row 10 (""): no outbound link AND no "אין קישור" label
    row 11 (""): no outbound link AND no "אין קישור" label
    row 12 (""): no outbound link AND no "אין קישור" label
    row 13 (""): no outbound link AND no "אין קישור" label
    row 14 (""): no outbound link AND no "אין קישור" label

    expect(received).toEqual(expected) // deep equality

    - Expected  -  1
    + Received  + 17

    - Array []
    + Array [
    +   "row 0 (\"\"): no outbound link AND no \"אין קישור\" label",
    +   "row 1 (\"\"): no outbound link AND no \"אין קישור\" label",
    +   "row 2 (\"\"): no outbound link AND no \"אין קישור\" label",
    +   "row 3 (\"\"): no outbound link AND no \"אין קישור\" label",
    +   "row 4 (\"\"): no outbound link AND no \"אין קישור\" label",
    +   "row 5 (\"\"): no outbound link AND no \"אין קישור\" label",
    +   "row 6 (\"\"): no outbound link AND no \"אין קישור\" label",
    +   "row 7 (\"\"): no outbound link AND no \"אין קישור\" label",
    +   "row 8 (\"\"): no outbound link AND no \"אין קישור\" label",
    +   "row 9 (\"\"): no outbound link AND no \"אין קישור\" label",
    +   "row 10 (\"\"): no outbound link AND no \"אין קישור\" label",
    +   "row 11 (\"\"): no outbound link AND no \"אין קישור\" label",
    +   "row 12 (\"\"): no outbound link AND no \"אין קישור\" label",
    +   "row 13 (\"\"): no outbound link AND no \"אין קישור\" label",
    +   "row 14 (\"\"): no outbound link AND no \"אין קישור\" label",
    + ]

      51 |       });
      52 |     }
    > 53 |     expect(problems, problems.join("\n")).toEqual([]);
         |                                           ^
      54 |   });
      55 |
      56 |   test("clicking a row expands details (if the feature exists); clicking again collapses", async ({
        at C:\Users\cohyo\Documents\EO-analyst\e2e\tests\07-conferences.spec.ts:53:43

    attachment #1: screenshot (image/png) ──────────────────────────────────────────────────────────
    test-results\07-conferences-Conferences-ea3e1-ישור-—-never-a-silent-blank-mobile-390x844\test-failed-1.png
    ────────────────────────────────────────────────────────────────────────────────────────────────

    attachment #2: video (video/webm) ──────────────────────────────────────────────────────────────
    test-results\07-conferences-Conferences-ea3e1-ישור-—-never-a-silent-blank-mobile-390x844\video.webm
    ────────────────────────────────────────────────────────────────────────────────────────────────

    Error Context: test-results\07-conferences-Conferences-ea3e1-ישור-—-never-a-silent-blank-mobile-390x844\error-context.md

    attachment #4: trace (application/zip) ─────────────────────────────────────────────────────────
    test-results\07-conferences-Conferences-ea3e1-ישור-—-never-a-silent-blank-mobile-390x844\trace.zip
    Usage:

        npx playwright show-trace test-results\07-conferences-Conferences-ea3e1-ישור-—-never-a-silent-blank-mobile-390x844\trace.zip

    ────────────────────────────────────────────────────────────────────────────────────────────────

  12) [mobile-390x844] › tests\10-settings.spec.ts:22:7 › Settings screen (/settings) › a no-op save (writing the same YAML back) fires PUT and shows success or a validation error 

    Error: PUT /api/settings/config should not 5xx on a no-op save

    expect(received).toBeLessThan(expected)

    Expected: < 500
    Received:   500

      48 |         });
      49 |       }
    > 50 |       expect(response.status(), "PUT /api/settings/config should not 5xx on a no-op save").toBeLessThan(500);
         |                                                                                            ^
      51 |
      52 |       const success = page.getByText("נשמר בהצלחה");
      53 |       const failure = page.getByText(/^שגיאות:/);
        at C:\Users\cohyo\Documents\EO-analyst\e2e\tests\10-settings.spec.ts:50:92

    attachment #1: screenshot (image/png) ──────────────────────────────────────────────────────────
    test-results\10-settings-Settings-scree-6c111-ccess-or-a-validation-error-mobile-390x844\test-failed-1.png
    ────────────────────────────────────────────────────────────────────────────────────────────────

    attachment #2: video (video/webm) ──────────────────────────────────────────────────────────────
    test-results\10-settings-Settings-scree-6c111-ccess-or-a-validation-error-mobile-390x844\video.webm
    ────────────────────────────────────────────────────────────────────────────────────────────────

    Error Context: test-results\10-settings-Settings-scree-6c111-ccess-or-a-validation-error-mobile-390x844\error-context.md

    attachment #4: trace (application/zip) ─────────────────────────────────────────────────────────
    test-results\10-settings-Settings-scree-6c111-ccess-or-a-validation-error-mobile-390x844\trace.zip
    Usage:

        npx playwright show-trace test-results\10-settings-Settings-scree-6c111-ccess-or-a-validation-error-mobile-390x844\trace.zip

    ────────────────────────────────────────────────────────────────────────────────────────────────

  13) [mobile-390x844] › tests\13-accessibility.spec.ts:17:7 › Accessibility smoke › every button and link has an accessible name 

    Error: Controls with no accessible name:
    <a class="flex items-center gap-3 rounded-md px-2.5 py-2.5 text-sm transition-colors md:px-3 focus-visible:outline focus-visible:outline-2 focus-visib
    <a aria-current="page" class="flex items-center gap-3 rounded-md px-2.5 py-2.5 text-sm transition-colors md:px-3 focus-visible:outline focus-visible:o
    <a class="flex items-center gap-3 rounded-md px-2.5 py-2.5 text-sm transition-colors md:px-3 focus-visible:outline focus-visible:outline-2 focus-visib
    <a class="flex items-center gap-3 rounded-md px-2.5 py-2.5 text-sm transition-colors md:px-3 focus-visible:outline focus-visible:outline-2 focus-visib
    <a class="flex items-center gap-3 rounded-md px-2.5 py-2.5 text-sm transition-colors md:px-3 focus-visible:outline focus-visible:outline-2 focus-visib
    <a class="flex items-center gap-3 rounded-md px-2.5 py-2.5 text-sm transition-colors md:px-3 focus-visible:outline focus-visible:outline-2 focus-visib
    <a class="flex items-center gap-3 rounded-md px-2.5 py-2.5 text-sm transition-colors md:px-3 focus-visible:outline focus-visible:outline-2 focus-visib
    <a class="flex items-center gap-3 rounded-md px-2.5 py-2.5 text-sm transition-colors md:px-3 focus-visible:outline focus-visible:outline-2 focus-visib
    <a class="flex items-center gap-3 rounded-md px-2.5 py-2.5 text-sm transition-colors md:px-3 focus-visible:outline focus-visible:outline-2 focus-visib
    <button type="button" class="flex shrink-0 items-center gap-1.5 rounded-md bg-accent px-2 py-1.5 text-sm font-medium text-accent-fg hover:opacity-90 d

    expect(received).toEqual(expected) // deep equality

    - Expected  -  1
    + Received  + 12

    - Array []
    + Array [
    +   "<a class=\"flex items-center gap-3 rounded-md px-2.5 py-2.5 text-sm transition-colors md:px-3 focus-visible:outline focus-visible:outline-2 focus-visib",
    +   "<a aria-current=\"page\" class=\"flex items-center gap-3 rounded-md px-2.5 py-2.5 text-sm transition-colors md:px-3 focus-visible:outline focus-visible:o",
    +   "<a class=\"flex items-center gap-3 rounded-md px-2.5 py-2.5 text-sm transition-colors md:px-3 focus-visible:outline focus-visible:outline-2 focus-visib",
    +   "<a class=\"flex items-center gap-3 rounded-md px-2.5 py-2.5 text-sm transition-colors md:px-3 focus-visible:outline focus-visible:outline-2 focus-visib",
    +   "<a class=\"flex items-center gap-3 rounded-md px-2.5 py-2.5 text-sm transition-colors md:px-3 focus-visible:outline focus-visible:outline-2 focus-visib",
    +   "<a class=\"flex items-center gap-3 rounded-md px-2.5 py-2.5 text-sm transition-colors md:px-3 focus-visible:outline focus-visible:outline-2 focus-visib",
    +   "<a class=\"flex items-center gap-3 rounded-md px-2.5 py-2.5 text-sm transition-colors md:px-3 focus-visible:outline focus-visible:outline-2 focus-visib",
    +   "<a class=\"flex items-center gap-3 rounded-md px-2.5 py-2.5 text-sm transition-colors md:px-3 focus-visible:outline focus-visible:outline-2 focus-visib",
    +   "<a class=\"flex items-center gap-3 rounded-md px-2.5 py-2.5 text-sm transition-colors md:px-3 focus-visible:outline focus-visible:outline-2 focus-visib",
    +   "<button type=\"button\" class=\"flex shrink-0 items-center gap-1.5 rounded-md bg-accent px-2 py-1.5 text-sm font-medium text-accent-fg hover:opacity-90 d",
    + ]

      36 |       }
      37 |     }
    > 38 |     expect(offenders, `Controls with no accessible name:\n${offenders.join("\n")}`).toEqual([]);
         |                                                                                     ^
      39 |   });
      40 |
      41 |   test("focus is visible when tabbing through the nav rail", async ({ page }) => {
        at C:\Users\cohyo\Documents\EO-analyst\e2e\tests\13-accessibility.spec.ts:38:85

    attachment #1: screenshot (image/png) ──────────────────────────────────────────────────────────
    test-results\13-accessibility-Accessibi-84670-link-has-an-accessible-name-mobile-390x844\test-failed-1.png
    ────────────────────────────────────────────────────────────────────────────────────────────────

    attachment #2: video (video/webm) ──────────────────────────────────────────────────────────────
    test-results\13-accessibility-Accessibi-84670-link-has-an-accessible-name-mobile-390x844\video.webm
    ────────────────────────────────────────────────────────────────────────────────────────────────

    Error Context: test-results\13-accessibility-Accessibi-84670-link-has-an-accessible-name-mobile-390x844\error-context.md

    attachment #4: trace (application/zip) ─────────────────────────────────────────────────────────
    test-results\13-accessibility-Accessibi-84670-link-has-an-accessible-name-mobile-390x844\trace.zip
    Usage:

        npx playwright show-trace test-results\13-accessibility-Accessibi-84670-link-has-an-accessible-name-mobile-390x844\trace.zip

    ────────────────────────────────────────────────────────────────────────────────────────────────

  14) [mobile-390x844] › tests\13-accessibility.spec.ts:58:9 › Accessibility smoke › axe-core scan: Morning (/) has no critical violations 

    Error: Critical axe violations on /:
    button-name: Buttons must have discernible text (1 node(s)) — .gap-1\.5

    expect(received).toEqual(expected) // deep equality

    - Expected  -  1
    + Received  + 95

    - Array []
    + Array [
    +   Object {
    +     "description": "Ensure buttons have discernible text",
    +     "help": "Buttons must have discernible text",
    +     "helpUrl": "https://dequeuniversity.com/rules/axe/4.13/button-name?application=playwright",
    +     "id": "button-name",
    +     "impact": "critical",
    +     "nodes": Array [
    +       Object {
    +         "all": Array [],
    +         "any": Array [
    +           Object {
    +             "data": null,
    +             "id": "button-has-visible-text",
    +             "impact": "critical",
    +             "message": "Element does not have inner text that is visible to screen readers",
    +             "relatedNodes": Array [],
    +           },
    +           Object {
    +             "data": null,
    +             "id": "aria-label",
    +             "impact": "critical",
    +             "message": "aria-label attribute does not exist or is empty",
    +             "relatedNodes": Array [],
    +           },
    +           Object {
    +             "data": null,
    +             "id": "aria-labelledby",
    +             "impact": "critical",
    +             "message": "aria-labelledby attribute does not exist, references elements that do not exist or references elements that are empty",
    +             "relatedNodes": Array [],
    +           },
    +           Object {
    +             "data": Object {
    +               "messageKey": "noAttr",
    +             },
    +             "id": "non-empty-title",
    +             "impact": "critical",
    +             "message": "Element has no title attribute",
    +             "relatedNodes": Array [],
    +           },
    +           Object {
    +             "data": null,
    +             "id": "implicit-label",
    +             "impact": "critical",
    +             "message": "Element does not have an implicit (wrapped) <label>",
    +             "relatedNodes": Array [],
    +           },
    +           Object {
    +             "data": null,
    +             "id": "explicit-label",
    +             "impact": "critical",
    +             "message": "Element does not have an explicit <label>",
    +             "relatedNodes": Array [],
    +           },
    +           Object {
    +             "data": null,
    +             "id": "presentational-role",
    +             "impact": "critical",
    +             "message": "Element's default semantics were not overridden with role=\"none\" or role=\"presentation\"",
    +             "relatedNodes": Array [],
    +           },
    +         ],
    +         "failureSummary": "Fix any of the following:
    +   Element does not have inner text that is visible to screen readers
    +   aria-label attribute does not exist or is empty
    +   aria-labelledby attribute does not exist, references elements that do not exist or references elements that are empty
    +   Element has no title attribute
    +   Element does not have an implicit (wrapped) <label>
    +   Element does not have an explicit <label>
    +   Element's default semantics were not overridden with role=\"none\" or role=\"presentation\"",
    +         "html": "<button type=\"button\" class=\"flex shrink-0 items-center gap-1.5 rounded-md bg-accent px-2 py-1.5 text-sm font-medium text-accent-fg hover:opacity-90 disabled:opacity-60 sm:px-3\">",
    +         "impact": "critical",
    +         "none": Array [],
    +         "target": Array [
    +           ".gap-1\\.5",
    +         ],
    +       },
    +     ],
    +     "tags": Array [
    +       "cat.name-role-value",
    +       "wcag2a",
    +       "wcag412",
    +       "section508",
    +       "section508.22.a",
    +       "TTv5",
    +       "TT6.a",
    +       "EN-301-549",
    +       "EN-9.4.1.2",
    +       "ACT",
    +       "RGAAv4",
    +       "RGAA-11.9.1",
    +     ],
    +   },
    + ]

      66 |           .map((v) => `${v.id}: ${v.help} (${v.nodes.length} node(s)) — ${v.nodes[0]?.target.join(" ")}`)
      67 |           .join("\n");
    > 68 |         expect(critical, `Critical axe violations on ${screen.path}:\n${details}`).toEqual([]);
         |                                                                                    ^
      69 |       }
      70 |
      71 |       // Non-critical violations are recorded as an attachment for visibility
        at C:\Users\cohyo\Documents\EO-analyst\e2e\tests\13-accessibility.spec.ts:68:84

    attachment #1: screenshot (image/png) ──────────────────────────────────────────────────────────
    test-results\13-accessibility-Accessibi-e6220--has-no-critical-violations-mobile-390x844\test-failed-1.png
    ────────────────────────────────────────────────────────────────────────────────────────────────

    attachment #2: video (video/webm) ──────────────────────────────────────────────────────────────
    test-results\13-accessibility-Accessibi-e6220--has-no-critical-violations-mobile-390x844\video.webm
    ────────────────────────────────────────────────────────────────────────────────────────────────

    attachment #3: video (video/webm) ──────────────────────────────────────────────────────────────
    test-results\13-accessibility-Accessibi-e6220--has-no-critical-violations-mobile-390x844\video-1.webm
    ────────────────────────────────────────────────────────────────────────────────────────────────

    Error Context: test-results\13-accessibility-Accessibi-e6220--has-no-critical-violations-mobile-390x844\error-context.md

    attachment #5: trace (application/zip) ─────────────────────────────────────────────────────────
    test-results\13-accessibility-Accessibi-e6220--has-no-critical-violations-mobile-390x844\trace.zip
    Usage:

        npx playwright show-trace test-results\13-accessibility-Accessibi-e6220--has-no-critical-violations-mobile-390x844\trace.zip

    ────────────────────────────────────────────────────────────────────────────────────────────────

  15) [mobile-390x844] › tests\13-accessibility.spec.ts:58:9 › Accessibility smoke › axe-core scan: Feed (/feed) has no critical violations 

    Error: Critical axe violations on /feed:
    aria-required-children: Certain ARIA roles must contain particular children (17 node(s)) — div[role="grid"]
    button-name: Buttons must have discernible text (1 node(s)) — .gap-1\.5

    expect(received).toEqual(expected) // deep equality

    - Expected  -   1
    + Received  + 911

    - Array []
    + Array [
    +   Object {
    +     "description": "Ensure elements with an ARIA role that require child roles contain them",
    +     "help": "Certain ARIA roles must contain particular children",
    +     "helpUrl": "https://dequeuniversity.com/rules/axe/4.13/aria-required-children?application=playwright",
    +     "id": "aria-required-children",
    +     "impact": "critical",
    +     "nodes": Array [
    +       Object {
    +         "all": Array [],
    +         "any": Array [
    +           Object {
    +             "data": Object {
    +               "messageKey": "unallowed",
    +               "values": "button",
    +             },
    +             "id": "aria-required-children",
    +             "impact": "critical",
    +             "message": "Element has children which are not allowed: button",
    +             "relatedNodes": Array [
    +               Object {
    +                 "html": "<button type=\"button\" class=\"rounded-md border border-border-strong px-3 py-1.5 text-xs text-fg-dim hover:bg-bg-sunken disabled:opacity-50\">טען עוד (179 נותרו)</button>",
    +                 "target": Array [
    +                   ".disabled\\:opacity-50",
    +                 ],
    +               },
    +             ],
    +           },
    +         ],
    +         "failureSummary": "Fix any of the following:
    +   Element has children which are not allowed: button",
    +         "html": "<div role=\"grid\" aria-label=\"פיד Triage\" class=\"relative flex-1 overflow-y-auto\" data-testid=\"feed-list\">",
    +         "impact": "critical",
    +         "none": Array [],
    +         "target": Array [
    +           "div[role=\"grid\"]",
    +         ],
    +       },
    +       Object {
    +         "all": Array [],
    +         "any": Array [
    +           Object {
    +             "data": Object {
    +               "messageKey": "unallowed",
    +               "values": "[role=img], button[aria-label], span[aria-label], a",
    +             },
    +             "id": "aria-required-children",
    +             "impact": "critical",
    +             "message": "Element has children which are not allowed: [role=img], button[aria-label], span[aria-label], a",
    +             "relatedNodes": Array [
    +               Object {
    +                 "html": "<span role=\"img\" aria-label=\"רמת דחיפות: ארכיון\" class=\"inline-flex items-center gap-1 rounded-md font-medium text-level-archive bg-level-archive-bg px-1.5 py-0.5 text-xs\" data-level=\"archive\">",
    +                 "target": Array [
    +                   ".bg-accent-muted\\/70 > .inline-flex.text-level-archive.bg-level-archive-bg",
    +                 ],
    +               },
    +               Object {
    +                 "html": "<button type=\"button\" aria-expanded=\"false\" aria-label=\"למה הציון?\" title=\"למה הציון?\" class=\"flex shrink-0 items-center justify-center rounded-md text-fg-dim hover:bg-bg-sunken hover:text-fg h-5 w-5\">",
    +                 "target": Array [
    +                   ".bg-accent-muted\\/70 > .h-5.w-5[aria-label=\"למה הציון?\"]",
    +                 ],
    +               },
    +               Object {
    +                 "html": "<span title=\"בדיקת אבטחה: תקין\" aria-label=\"בדיקת אבטחה: תקין\">",
    +                 "target": Array [
    +                   ".bg-accent-muted\\/70 > span[title=\"בדיקת אבטחה: תקין\"][aria-label=\"בדיקת אבטחה: תקין\"]",
    +                 ],
    +               },
    +               Object {
    +                 "html": "<a href=\"https://www.techrada...\" target=\"_blank\" rel=\"noopener noreferrer\" data-testid=\"feed-row-title-link-...\" title=\"פתח מקור בכרטיסייה ח...\" class=\"block truncate font-...\">",
    +                 "target": Array [
    +                   "a[data-testid=\"feed-row-title-link-603\"]",
    +                 ],
    +               },
    +             ],
    +           },
    +         ],
    +         "failureSummary": "Fix any of the following:
    +   Element has children which are not allowed: [role=img], button[aria-label], span[aria-label], a",
    +         "html": "<div role=\"row\" data-testid=\"feed-row-603\" data-selected=\"true\" tabindex=\"-1\" aria-selected=\"true\" draggable=\"true\" class=\"absolute inset-x-0 flex h-16 items-center gap-3 border-b border-border px-3 text-sm cursor-pointer bg-accent-muted/70\" style=\"top: 0px;\">",
    +         "impact": "critical",
    +         "none": Array [],
    +         "target": Array [
    +           ".bg-accent-muted\\/70",
    +         ],
    +       },
    +       Object {
    +         "all": Array [],
    +         "any": Array [
    +           Object {
    +             "data": Object {
    +               "messageKey": "unallowed",
    +               "values": "[role=img], button[aria-label], span[aria-label], a",
    +             },
    +             "id": "aria-required-children",
    +             "impact": "critical",
    +             "message": "Element has children which are not allowed: [role=img], button[aria-label], span[aria-label], a",
    +             "relatedNodes": Array [
    +               Object {
    +                 "html": "<span role=\"img\" aria-label=\"רמת דחיפות: ארכיון\" class=\"inline-flex items-center gap-1 rounded-md font-medium text-level-archive bg-level-archive-bg px-1.5 py-0.5 text-xs\" data-level=\"archive\">",
    +                 "target": Array [
    +                   "div[data-testid=\"feed-row-602\"] > .inline-flex.text-level-archive.bg-level-archive-bg",
    +                 ],
    +               },
    +               Object {
    +                 "html": "<button type=\"button\" aria-expanded=\"false\" aria-label=\"למה הציון?\" title=\"למה הציון?\" class=\"flex shrink-0 items-center justify-center rounded-md text-fg-dim hover:bg-bg-sunken hover:text-fg h-5 w-5\">",
    +                 "target": Array [
    +                   "div[data-testid=\"feed-row-602\"] > .h-5.w-5[aria-label=\"למה הציון?\"]",
    +                 ],
    +               },
    +               Object {
    +                 "html": "<span title=\"בדיקת אבטחה: תקין\" aria-label=\"בדיקת אבטחה: תקין\">",
    +                 "target": Array [
    +                   "div[data-testid=\"feed-row-602\"] > span[title=\"בדיקת אבטחה: תקין\"][aria-label=\"בדיקת אבטחה: תקין\"]",
    +                 ],
    +               },
    +               Object {
    +                 "html": "<a href=\"https://simple.wikipedia.org/wiki/Infrared\" target=\"_blank\" rel=\"noopener noreferrer\" data-testid=\"feed-row-title-link-602\" title=\"פתח מקור בכרטיסייה חדשה\" class=\"block truncate font-medium text-fg hover:text-accent hover:underline\">",
    +                 "target": Array [
    +                   "a[data-testid=\"feed-row-title-link-602\"]",
    +                 ],
    +               },
    +             ],
    +           },
    +         ],
    +         "failureSummary": "Fix any of the following:
    +   Element has children which are not allowed: [role=img], button[aria-label], span[aria-label], a",
    +         "html": "<div role=\"row\" data-testid=\"feed-row-602\" data-selected=\"false\" tabindex=\"-1\" aria-selected=\"false\" draggable=\"true\" class=\"absolute inset-x-0 flex h-16 items-center gap-3 border-b border-border px-3 text-sm cursor-pointer hover:bg-bg-sunken\" style=\"top: 64px;\">",
    +         "impact": "critical",
    +         "none": Array [],
    +         "target": Array [
    +           "div[data-testid=\"feed-row-602\"]",
    +         ],
    +       },
    +       Object {
    +         "all": Array [],
    +         "any": Array [
    +           Object {
    +             "data": Object {
    +               "messageKey": "unallowed",
    +               "values": "[role=img], button[aria-label], span[aria-label], a",
    +             },
    +             "id": "aria-required-children",
    +             "impact": "critical",
    +             "message": "Element has children which are not allowed: [role=img], button[aria-label], span[aria-label], a",
    +             "relatedNodes": Array [
    +               Object {
    +                 "html": "<span role=\"img\" aria-label=\"רמת דחיפות: ארכיון\" class=\"inline-flex items-center gap-1 rounded-md font-medium text-level-archive bg-level-archive-bg px-1.5 py-0.5 text-xs\" data-level=\"archive\">",
    +                 "target": Array [
    +                   "div[data-testid=\"feed-row-601\"] > .inline-flex.text-level-archive.bg-level-archive-bg",
    +                 ],
    +               },
    +               Object {
    +                 "html": "<button type=\"button\" aria-expanded=\"false\" aria-label=\"למה הציון?\" title=\"למה הציון?\" class=\"flex shrink-0 items-center justify-center rounded-md text-fg-dim hover:bg-bg-sunken hover:text-fg h-5 w-5\">",
    +                 "target": Array [
    +                   "div[data-testid=\"feed-row-601\"] > .h-5.w-5[aria-label=\"למה הציון?\"]",
    +                 ],
    +               },
    +               Object {
    +                 "html": "<span title=\"בדיקת אבטחה: תקין\" aria-label=\"בדיקת אבטחה: תקין\">",
    +                 "target": Array [
    +                   "div[data-testid=\"feed-row-601\"] > span[title=\"בדיקת אבטחה: תקין\"][aria-label=\"בדיקת אבטחה: תקין\"]",
    +                 ],
    +               },
    +               Object {
    +                 "html": "<a href=\"https://coolcosmos.ipac.caltech.edu/page/what_is_infrared\" target=\"_blank\" rel=\"noopener noreferrer\" data-testid=\"feed-row-title-link-601\" title=\"פתח מקור בכרטיסייה חדשה\" class=\"block truncate font-medium text-fg hover:text-accent hover:underline\">",
    +                 "target": Array [
    +                   "a[data-testid=\"feed-row-title-link-601\"]",
    +                 ],
    +               },
    +             ],
    +           },
    +         ],
    +         "failureSummary": "Fix any of the following:
    +   Element has children which are not allowed: [role=img], button[aria-label], span[aria-label], a",
    +         "html": "<div role=\"row\" data-testid=\"feed-row-601\" data-selected=\"false\" tabindex=\"-1\" aria-selected=\"false\" draggable=\"true\" class=\"absolute inset-x-0 flex h-16 items-center gap-3 border-b border-border px-3 text-sm cursor-pointer hover:bg-bg-sunken\" style=\"top: 128px;\">",
    +         "impact": "critical",
    +         "none": Array [],
    +         "target": Array [
    +           "div[data-testid=\"feed-row-601\"]",
    +         ],
    +       },
    +       Object {
    +         "all": Array [],
    +         "any": Array [
    +           Object {
    +             "data": Object {
    +               "messageKey": "unallowed",
    +               "values": "[role=img], button[aria-label], span[aria-label], a",
    +             },
    +             "id": "aria-required-children",
    +             "impact": "critical",
    +             "message": "Element has children which are not allowed: [role=img], button[aria-label], span[aria-label], a",
    +             "relatedNodes": Array [
    +               Object {
    +                 "html": "<span role=\"img\" aria-label=\"רמת דחיפות: ארכיון\" class=\"inline-flex items-center gap-1 rounded-md font-medium text-level-archive bg-level-archive-bg px-1.5 py-0.5 text-xs\" data-level=\"archive\">",
    +                 "target": Array [
    +                   "div[data-testid=\"feed-row-600\"] > .inline-flex.text-level-archive.bg-level-archive-bg",
    +                 ],
    +               },
    +               Object {
    +                 "html": "<button type=\"button\" aria-expanded=\"false\" aria-label=\"למה הציון?\" title=\"למה הציון?\" class=\"flex shrink-0 items-center justify-center rounded-md text-fg-dim hover:bg-bg-sunken hover:text-fg h-5 w-5\">",
    +                 "target": Array [
    +                   "div[data-testid=\"feed-row-600\"] > .h-5.w-5[aria-label=\"למה הציון?\"]",
    +                 ],
    +               },
    +               Object {
    +                 "html": "<span title=\"בדיקת אבטחה: תקין\" aria-label=\"בדיקת אבטחה: תקין\">",
    +                 "target": Array [
    +                   "div[data-testid=\"feed-row-600\"] > span[title=\"בדיקת אבטחה: תקין\"][aria-label=\"בדיקת אבטחה: תקין\"]",
    +                 ],
    +               },
    +               Object {
    +                 "html": "<a href=\"https://en.wikipedia.org/wiki/Infrared_spectroscopy\" target=\"_blank\" rel=\"noopener noreferrer\" data-testid=\"feed-row-title-link-600\" title=\"פתח מקור בכרטיסייה חדשה\" class=\"block truncate font-medium text-fg hover:text-accent hover:underline\"><bdi>Infrared spectroscopy - Wikipedia</bdi></a>",
    +                 "target": Array [
    +                   "a[data-testid=\"feed-row-title-link-600\"]",
    +                 ],
    +               },
    +             ],
    +           },
    +         ],
    +         "failureSummary": "Fix any of the following:
    +   Element has children which are not allowed: [role=img], button[aria-label], span[aria-label], a",
    +         "html": "<div role=\"row\" data-testid=\"feed-row-600\" data-selected=\"false\" tabindex=\"-1\" aria-selected=\"false\" draggable=\"true\" class=\"absolute inset-x-0 flex h-16 items-center gap-3 border-b border-border px-3 text-sm cursor-pointer hover:bg-bg-sunken\" style=\"top: 192px;\">",
    +         "impact": "critical",
    +         "none": Array [],
    +         "target": Array [
    +           "div[data-testid=\"feed-row-600\"]",
    +         ],
    +       },
    +       Object {
    +         "all": Array [],
    +         "any": Array [
    +           Object {
    +             "data": Object {
    +               "messageKey": "unallowed",
    +               "values": "[role=img], button[aria-label], span[aria-label], a",
    +             },
    +             "id": "aria-required-children",
    +             "impact": "critical",
    +             "message": "Element has children which are not allowed: [role=img], button[aria-label], span[aria-label], a",
    +             "relatedNodes": Array [
    +               Object {
    +                 "html": "<span role=\"img\" aria-label=\"רמת דחיפות: ארכיון\" class=\"inline-flex items-center gap-1 rounded-md font-medium text-level-archive bg-level-archive-bg px-1.5 py-0.5 text-xs\" data-level=\"archive\">",
    +                 "target": Array [
    +                   "div[data-testid=\"feed-row-599\"] > .inline-flex.text-level-archive.bg-level-archive-bg",
    +                 ],
    +               },
    +               Object {
    +                 "html": "<button type=\"button\" aria-expanded=\"false\" aria-label=\"למה הציון?\" title=\"למה הציון?\" class=\"flex shrink-0 items-center justify-center rounded-md text-fg-dim hover:bg-bg-sunken hover:text-fg h-5 w-5\">",
    +                 "target": Array [
    +                   "div[data-testid=\"feed-row-599\"] > .h-5.w-5[aria-label=\"למה הציון?\"]",
    +                 ],
    +               },
    +               Object {
    +                 "html": "<span title=\"בדיקת אבטחה: תקין\" aria-label=\"בדיקת אבטחה: תקין\">",
    +                 "target": Array [
    +                   "div[data-testid=\"feed-row-599\"] > span[title=\"בדיקת אבטחה: תקין\"][aria-label=\"בדיקת אבטחה: תקין\"]",
    +                 ],
    +               },
    +               Object {
    +                 "html": "<a href=\"https://science.nasa.gov/ems/07_infraredwaves/\" target=\"_blank\" rel=\"noopener noreferrer\" data-testid=\"feed-row-title-link-599\" title=\"פתח מקור בכרטיסייה חדשה\" class=\"block truncate font-medium text-fg hover:text-accent hover:underline\"><bdi>Infrared Waves - NASA Science</bdi></a>",
    +                 "target": Array [
    +                   "a[data-testid=\"feed-row-title-link-599\"]",
    +                 ],
    +               },
    +             ],
    +           },
    +         ],
    +         "failureSummary": "Fix any of the following:
    +   Element has children which are not allowed: [role=img], button[aria-label], span[aria-label], a",
    +         "html": "<div role=\"row\" data-testid=\"feed-row-599\" data-selected=\"false\" tabindex=\"-1\" aria-selected=\"false\" draggable=\"true\" class=\"absolute inset-x-0 flex h-16 items-center gap-3 border-b border-border px-3 text-sm cursor-pointer hover:bg-bg-sunken\" style=\"top: 256px;\">",
    +         "impact": "critical",
    +         "none": Array [],
    +         "target": Array [
    +           "div[data-testid=\"feed-row-599\"]",
    +         ],
    +       },
    +       Object {
    +         "all": Array [],
    +         "any": Array [
    +           Object {
    +             "data": Object {
    +               "messageKey": "unallowed",
    +               "values": "[role=img], button[aria-label], span[aria-label], a",
    +             },
    +             "id": "aria-required-children",
    +             "impact": "critical",
    +             "message": "Element has children which are not allowed: [role=img], button[aria-label], span[aria-label], a",
    +             "relatedNodes": Array [
    +               Object {
    +                 "html": "<span role=\"img\" aria-label=\"רמת דחיפות: ארכיון\" class=\"inline-flex items-center gap-1 rounded-md font-medium text-level-archive bg-level-archive-bg px-1.5 py-0.5 text-xs\" data-level=\"archive\">",
    +                 "target": Array [
    +                   "div[data-testid=\"feed-row-598\"] > .inline-flex.text-level-archive.bg-level-archive-bg",
    +                 ],
    +               },
    +               Object {
    +                 "html": "<button type=\"button\" aria-expanded=\"false\" aria-label=\"למה הציון?\" title=\"למה הציון?\" class=\"flex shrink-0 items-center justify-center rounded-md text-fg-dim hover:bg-bg-sunken hover:text-fg h-5 w-5\">",
    +                 "target": Array [
    +                   "div[data-testid=\"feed-row-598\"] > .h-5.w-5[aria-label=\"למה הציון?\"]",
    +                 ],
    +               },
    +               Object {
    +                 "html": "<span title=\"בדיקת אבטחה: תקין\" aria-label=\"בדיקת אבטחה: תקין\">",
    +                 "target": Array [
    +                   "div[data-testid=\"feed-row-598\"] > span[title=\"בדיקת אבטחה: תקין\"][aria-label=\"בדיקת אבטחה: תקין\"]",
    +                 ],
    +               },
    +               Object {
    +                 "html": "<a href=\"https://sciencenotes.org/infrared-light-infrared-radiation/\" target=\"_blank\" rel=\"noopener noreferrer\" data-testid=\"feed-row-title-link-598\" title=\"פתח מקור בכרטיסייה חדשה\" class=\"block truncate font-medium text-fg hover:text-accent hover:underline\">",
    +                 "target": Array [
    +                   "a[data-testid=\"feed-row-title-link-598\"]",
    +                 ],
    +               },
    +             ],
    +           },
    +         ],
    +         "failureSummary": "Fix any of the following:
    +   Element has children which are not allowed: [role=img], button[aria-label], span[aria-label], a",
    +         "html": "<div role=\"row\" data-testid=\"feed-row-598\" data-selected=\"false\" tabindex=\"-1\" aria-selected=\"false\" draggable=\"true\" class=\"absolute inset-x-0 flex h-16 items-center gap-3 border-b border-border px-3 text-sm cursor-pointer hover:bg-bg-sunken\" style=\"top: 320px;\">",
    +         "impact": "critical",
    +         "none": Array [],
    +         "target": Array [
    +           "div[data-testid=\"feed-row-598\"]",
    +         ],
    +       },
    +       Object {
    +         "all": Array [],
    +         "any": Array [
    +           Object {
    +             "data": Object {
    +               "messageKey": "unallowed",
    +               "values": "[role=img], button[aria-label], span[aria-label], a",
    +             },
    +             "id": "aria-required-children",
    +             "impact": "critical",
    +             "message": "Element has children which are not allowed: [role=img], button[aria-label], span[aria-label], a",
    +             "relatedNodes": Array [
    +               Object {
    +                 "html": "<span role=\"img\" aria-label=\"רמת דחיפות: ארכיון\" class=\"inline-flex items-center gap-1 rounded-md font-medium text-level-archive bg-level-archive-bg px-1.5 py-0.5 text-xs\" data-level=\"archive\">",
    +                 "target": Array [
    +                   "div[data-testid=\"feed-row-597\"] > .inline-flex.text-level-archive.bg-level-archive-bg",
    +                 ],
    +               },
    +               Object {
    +                 "html": "<button type=\"button\" aria-expanded=\"false\" aria-label=\"למה הציון?\" title=\"למה הציון?\" class=\"flex shrink-0 items-center justify-center rounded-md text-fg-dim hover:bg-bg-sunken hover:text-fg h-5 w-5\">",
    +                 "target": Array [
    +                   "div[data-testid=\"feed-row-597\"] > .h-5.w-5[aria-label=\"למה הציון?\"]",
    +                 ],
    +               },
    +               Object {
    +                 "html": "<span title=\"בדיקת אבטחה: תקין\" aria-label=\"בדיקת אבטחה: תקין\">",
    +                 "target": Array [
    +                   "div[data-testid=\"feed-row-597\"] > span[title=\"בדיקת אבטחה: תקין\"][aria-label=\"בדיקת אבטחה: תקין\"]",
    +                 ],
    +               },
    +               Object {
    +                 "html": "<a href=\"https://www.britannica.com/science/infrared-radiation\" target=\"_blank\" rel=\"noopener noreferrer\" data-testid=\"feed-row-title-link-597\" title=\"פתח מקור בכרטיסייה חדשה\" class=\"block truncate font-medium text-fg hover:text-accent hover:underline\">",
    +                 "target": Array [
    +                   "a[data-testid=\"feed-row-title-link-597\"]",
    +                 ],
    +               },
    +             ],
    +           },
    +         ],
    +         "failureSummary": "Fix any of the following:
    +   Element has children which are not allowed: [role=img], button[aria-label], span[aria-label], a",
    +         "html": "<div role=\"row\" data-testid=\"feed-row-597\" data-selected=\"false\" tabindex=\"-1\" aria-selected=\"false\" draggable=\"true\" class=\"absolute inset-x-0 flex h-16 items-center gap-3 border-b border-border px-3 text-sm cursor-pointer hover:bg-bg-sunken\" style=\"top: 384px;\">",
    +         "impact": "critical",
    +         "none": Array [],
    +         "target": Array [
    +           "div[data-testid=\"feed-row-597\"]",
    +         ],
    +       },
    +       Object {
    +         "all": Array [],
    +         "any": Array [
    +           Object {
    +             "data": Object {
    +               "messageKey": "unallowed",
    +               "values": "[role=img], button[aria-label], span[aria-label], a",
    +             },
    +             "id": "aria-required-children",
    +             "impact": "critical",
    +             "message": "Element has children which are not allowed: [role=img], button[aria-label], span[aria-label], a",
    +             "relatedNodes": Array [
    +               Object {
    +                 "html": "<span role=\"img\" aria-label=\"רמת דחיפות: ארכיון\" class=\"inline-flex items-center gap-1 rounded-md font-medium text-level-archive bg-level-archive-bg px-1.5 py-0.5 text-xs\" data-level=\"archive\">",
    +                 "target": Array [
    +                   "div[data-testid=\"feed-row-596\"] > .inline-flex.text-level-archive.bg-level-archive-bg",
    +                 ],
    +               },
    +               Object {
    +                 "html": "<button type=\"button\" aria-expanded=\"false\" aria-label=\"למה הציון?\" title=\"למה הציון?\" class=\"flex shrink-0 items-center justify-center rounded-md text-fg-dim hover:bg-bg-sunken hover:text-fg h-5 w-5\">",
    +                 "target": Array [
    +                   "div[data-testid=\"feed-row-596\"] > .h-5.w-5[aria-label=\"למה הציון?\"]",
    +                 ],
    +               },
    +               Object {
    +                 "html": "<span title=\"בדיקת אבטחה: תקין\" aria-label=\"בדיקת אבטחה: תקין\">",
    +                 "target": Array [
    +                   "div[data-testid=\"feed-row-596\"] > span[title=\"בדיקת אבטחה: תקין\"][aria-label=\"בדיקת אבטחה: תקין\"]",
    +                 ],
    +               },
    +               Object {
    +                 "html": "<a href=\"https://scienceinsights.org/what-is-infrared-light-and-how-does-it-work/\" target=\"_blank\" rel=\"noopener noreferrer\" data-testid=\"feed-row-title-link-596\" title=\"פתח מקור בכרטיסייה חדשה\" class=\"block truncate font-medium text-fg hover:text-accent hover:underline\">",
    +                 "target": Array [
    +                   "a[data-testid=\"feed-row-title-link-596\"]",
    +                 ],
    +               },
    +             ],
    +           },
    +         ],
    +         "failureSummary": "Fix any of the following:
    +   Element has children which are not allowed: [role=img], button[aria-label], span[aria-label], a",
    +         "html": "<div role=\"row\" data-testid=\"feed-row-596\" data-selected=\"false\" tabindex=\"-1\" aria-selected=\"false\" draggable=\"true\" class=\"absolute inset-x-0 flex h-16 items-center gap-3 border-b border-border px-3 text-sm cursor-pointer hover:bg-bg-sunken\" style=\"top: 448px;\">",
    +         "impact": "critical",
    +         "none": Array [],
    +         "target": Array [
    +           "div[data-testid=\"feed-row-596\"]",
    +         ],
    +       },
    +       Object {
    +         "all": Array [],
    +         "any": Array [
    +           Object {
    +             "data": Object {
    +               "messageKey": "unallowed",
    +               "values": "[role=img], button[aria-label], span[aria-label], a",
    +             },
    +             "id": "aria-required-children",
    +             "impact": "critical",
    +             "message": "Element has children which are not allowed: [role=img], button[aria-label], span[aria-label], a",
    +             "relatedNodes": Array [
    +               Object {
    +                 "html": "<span role=\"img\" aria-label=\"רמת דחיפות: ארכיון\" class=\"inline-flex items-center gap-1 rounded-md font-medium text-level-archive bg-level-archive-bg px-1.5 py-0.5 text-xs\" data-level=\"archive\">",
    +                 "target": Array [
    +                   "div[data-testid=\"feed-row-594\"] > .inline-flex.text-level-archive.bg-level-archive-bg",
    +                 ],
    +               },
    +               Object {
    +                 "html": "<button type=\"button\" aria-expanded=\"false\" aria-label=\"למה הציון?\" title=\"למה הציון?\" class=\"flex shrink-0 items-center justify-center rounded-md text-fg-dim hover:bg-bg-sunken hover:text-fg h-5 w-5\">",
    +                 "target": Array [
    +                   "div[data-testid=\"feed-row-594\"] > .h-5.w-5[aria-label=\"למה הציון?\"]",
    +                 ],
    +               },
    +               Object {
    +                 "html": "<span title=\"בדיקת אבטחה: תקין\" aria-label=\"בדיקת אבטחה: תקין\">",
    +                 "target": Array [
    +                   "div[data-testid=\"feed-row-594\"] > span[title=\"בדיקת אבטחה: תקין\"][aria-label=\"בדיקת אבטחה: תקין\"]",
    +                 ],
    +               },
    +               Object {
    +                 "html": "<a href=\"https://www.contractsfinder.service.gov.uk/Notice/6b77ffb8-9092-441b-98af-6f0a33f66227\" target=\"_blank\" rel=\"noopener noreferrer\" data-testid=\"feed-row-title-link-594\" title=\"פתח מקור בכרטיסייה חדשה\" class=\"block truncate font-medium text-fg hover:text-accent hover:underline\">",
    +                 "target": Array [
    +                   "a[data-testid=\"feed-row-title-link-594\"]",
    +                 ],
    +               },
    +             ],
    +           },
    +         ],
    +         "failureSummary": "Fix any of the following:
    +   Element has children which are not allowed: [role=img], button[aria-label], span[aria-label], a",
    +         "html": "<div role=\"row\" data-testid=\"feed-row-594\" data-selected=\"false\" tabindex=\"-1\" aria-selected=\"false\" draggable=\"true\" class=\"absolute inset-x-0 flex h-16 items-center gap-3 border-b border-border px-3 text-sm cursor-pointer hover:bg-bg-sunken\" style=\"top: 512px;\">",
    +         "impact": "critical",
    +         "none": Array [],
    +         "target": Array [
    +           "div[data-testid=\"feed-row-594\"]",
    +         ],
    +       },
    +       Object {
    +         "all": Array [],
    +         "any": Array [
    +           Object {
    +             "data": Object {
    +               "messageKey": "unallowed",
    +               "values": "[role=img], button[aria-label], span[aria-label], a",
    +             },
    +             "id": "aria-required-children",
    +             "impact": "critical",
    +             "message": "Element has children which are not allowed: [role=img], button[aria-label], span[aria-label], a",
    +             "relatedNodes": Array [
    +               Object {
    +                 "html": "<span role=\"img\" aria-label=\"רמת דחיפות: ארכיון\" class=\"inline-flex items-center gap-1 rounded-md font-medium text-level-archive bg-level-archive-bg px-1.5 py-0.5 text-xs\" data-level=\"archive\">",
    +                 "target": Array [
    +                   "div[data-testid=\"feed-row-509\"] > .inline-flex.text-level-archive.bg-level-archive-bg",
    +                 ],
    +               },
    +               Object {
    +                 "html": "<button type=\"button\" aria-expanded=\"false\" aria-label=\"למה הציון?\" title=\"למה הציון?\" class=\"flex shrink-0 items-center justify-center rounded-md text-fg-dim hover:bg-bg-sunken hover:text-fg h-5 w-5\">",
    +                 "target": Array [
    +                   "div[data-testid=\"feed-row-509\"] > .h-5.w-5[aria-label=\"למה הציון?\"]",
    +                 ],
    +               },
    +               Object {
    +                 "html": "<span title=\"בדיקת אבטחה: תקין\" aria-label=\"בדיקת אבטחה: תקין\">",
    +                 "target": Array [
    +                   "div[data-testid=\"feed-row-509\"] > span[title=\"בדיקת אבטחה: תקין\"][aria-label=\"בדיקת אבטחה: תקין\"]",
    +                 ],
    +               },
    +               Object {
    +                 "html": "<a href=\"https://www.dvidshub...\" target=\"_blank\" rel=\"noopener noreferrer\" data-testid=\"feed-row-title-link-...\" title=\"פתח מקור בכרטיסייה ח...\" class=\"block truncate font-...\">",
    +                 "target": Array [
    +                   "a[data-testid=\"feed-row-title-link-509\"]",
    +                 ],
    +               },
    +             ],
    +           },
    +         ],
    +         "failureSummary": "Fix any of the following:
    +   Element has children which are not allowed: [role=img], button[aria-label], span[aria-label], a",
    +         "html": "<div role=\"row\" data-testid=\"feed-row-509\" data-selected=\"false\" tabindex=\"-1\" aria-selected=\"false\" draggable=\"true\" class=\"absolute inset-x-0 flex h-16 items-center gap-3 border-b border-border px-3 text-sm cursor-pointer hover:bg-bg-sunken\" style=\"top: 576px;\">",
    +         "impact": "critical",
    +         "none": Array [],
    +         "target": Array [
    +           "div[data-testid=\"feed-row-509\"]",
    +         ],
    +       },
    +       Object {
    +         "all": Array [],
    +         "any": Array [
    +           Object {
    +             "data": Object {
    +               "messageKey": "unallowed",
    +               "values": "[role=img], button[aria-label], span[aria-label], a",
    +             },
    +             "id": "aria-required-children",
    +             "impact": "critical",
    +             "message": "Element has children which are not allowed: [role=img], button[aria-label], span[aria-label], a",
    +             "relatedNodes": Array [
    +               Object {
    +                 "html": "<span role=\"img\" aria-label=\"רמת דחיפות: ארכיון\" class=\"inline-flex items-center gap-1 rounded-md font-medium text-level-archive bg-level-archive-bg px-1.5 py-0.5 text-xs\" data-level=\"archive\">",
    +                 "target": Array [
    +                   "div[data-testid=\"feed-row-314\"] > .inline-flex.text-level-archive.bg-level-archive-bg",
    +                 ],
    +               },
    +               Object {
    +                 "html": "<button type=\"button\" aria-expanded=\"false\" aria-label=\"למה הציון?\" title=\"למה הציון?\" class=\"flex shrink-0 items-center justify-center rounded-md text-fg-dim hover:bg-bg-sunken hover:text-fg h-5 w-5\">",
    +                 "target": Array [
    +                   "div[data-testid=\"feed-row-314\"] > .h-5.w-5[aria-label=\"למה הציון?\"]",
    +                 ],
    +               },
    +               Object {
    +                 "html": "<span title=\"בדיקת אבטחה: תקין\" aria-label=\"בדיקת אבטחה: תקין\">",
    +                 "target": Array [
    +                   "div[data-testid=\"feed-row-314\"] > span[title=\"בדיקת אבטחה: תקין\"][aria-label=\"בדיקת אבטחה: תקין\"]",
    +                 ],
    +               },
    +               Object {
    +                 "html": "<a href=\"https://www.airforce...\" target=\"_blank\" rel=\"noopener noreferrer\" data-testid=\"feed-row-title-link-...\" title=\"פתח מקור בכרטיסייה ח...\" class=\"block truncate font-...\">",
    +                 "target": Array [
    +                   "a[data-testid=\"feed-row-title-link-314\"]",
    +                 ],
    +               },
    +             ],
    +           },
    +         ],
    +         "failureSummary": "Fix any of the following:
    +   Element has children which are not allowed: [role=img], button[aria-label], span[aria-label], a",
    +         "html": "<div role=\"row\" data-testid=\"feed-row-314\" data-selected=\"false\" tabindex=\"-1\" aria-selected=\"false\" draggable=\"true\" class=\"absolute inset-x-0 flex h-16 items-center gap-3 border-b border-border px-3 text-sm cursor-pointer hover:bg-bg-sunken\" style=\"top: 640px;\">",
    +         "impact": "critical",
    +         "none": Array [],
    +         "target": Array [
    +           "div[data-testid=\"feed-row-314\"]",
    +         ],
    +       },
    +       Object {
    +         "all": Array [],
    +         "any": Array [
    +           Object {
    +             "data": Object {
    +               "messageKey": "unallowed",
    +               "values": "[role=img], button[aria-label], span[aria-label], a",
    +             },
    +             "id": "aria-required-children",
    +             "impact": "critical",
    +             "message": "Element has children which are not allowed: [role=img], button[aria-label], span[aria-label], a",
    +             "relatedNodes": Array [
    +               Object {
    +                 "html": "<span role=\"img\" aria-label=\"רמת דחיפות: ארכיון\" class=\"inline-flex items-center gap-1 rounded-md font-medium text-level-archive bg-level-archive-bg px-1.5 py-0.5 text-xs\" data-level=\"archive\">",
    +                 "target": Array [
    +                   "div[data-testid=\"feed-row-310\"] > .inline-flex.text-level-archive.bg-level-archive-bg",
    +                 ],
    +               },
    +               Object {
    +                 "html": "<button type=\"button\" aria-expanded=\"false\" aria-label=\"למה הציון?\" title=\"למה הציון?\" class=\"flex shrink-0 items-center justify-center rounded-md text-fg-dim hover:bg-bg-sunken hover:text-fg h-5 w-5\">",
    +                 "target": Array [
    +                   "div[data-testid=\"feed-row-310\"] > .h-5.w-5[aria-label=\"למה הציון?\"]",
    +                 ],
    +               },
    +               Object {
    +                 "html": "<span title=\"בדיקת אבטחה: תקין\" aria-label=\"בדיקת אבטחה: תקין\">",
    +                 "target": Array [
    +                   "div[data-testid=\"feed-row-310\"] > span[title=\"בדיקת אבטחה: תקין\"][aria-label=\"בדיקת אבטחה: תקין\"]",
    +                 ],
    +               },
    +               Object {
    +                 "html": "<a href=\"https://www.airforce-technology.com/features/forecasts-finland-defence-market-data-2026-2035/\" target=\"_blank\" rel=\"noopener noreferrer\" data-testid=\"feed-row-title-link-310\" title=\"פתח מקור בכרטיסייה חדשה\" class=\"block truncate font-medium text-fg hover:text-accent hover:underline\">",
    +                 "target": Array [
    +                   "a[data-testid=\"feed-row-title-link-310\"]",
    +                 ],
    +               },
    +             ],
    +           },
    +         ],
    +         "failureSummary": "Fix any of the following:
    +   Element has children which are not allowed: [role=img], button[aria-label], span[aria-label], a",
    +         "html": "<div role=\"row\" data-testid=\"feed-row-310\" data-selected=\"false\" tabindex=\"-1\" aria-selected=\"false\" draggable=\"true\" class=\"absolute inset-x-0 flex h-16 items-center gap-3 border-b border-border px-3 text-sm cursor-pointer hover:bg-bg-sunken\" style=\"top: 704px;\">",
    +         "impact": "critical",
    +         "none": Array [],
    +         "target": Array [
    +           "div[data-testid=\"feed-row-310\"]",
    +         ],
    +       },
    +       Object {
    +         "all": Array [],
    +         "any": Array [
    +           Object {
    +             "data": Object {
    +               "messageKey": "unallowed",
    +               "values": "[role=img], button[aria-label], span[aria-label], a",
    +             },
    +             "id": "aria-required-children",
    +             "impact": "critical",
    +             "message": "Element has children which are not allowed: [role=img], button[aria-label], span[aria-label], a",
    +             "relatedNodes": Array [
    +               Object {
    +                 "html": "<span role=\"img\" aria-label=\"רמת דחיפות: ארכיון\" class=\"inline-flex items-center gap-1 rounded-md font-medium text-level-archive bg-level-archive-bg px-1.5 py-0.5 text-xs\" data-level=\"archive\">",
    +                 "target": Array [
    +                   "div[data-testid=\"feed-row-306\"] > .inline-flex.text-level-archive.bg-level-archive-bg",
    +                 ],
    +               },
    +               Object {
    +                 "html": "<button type=\"button\" aria-expanded=\"false\" aria-label=\"למה הציון?\" title=\"למה הציון?\" class=\"flex shrink-0 items-center justify-center rounded-md text-fg-dim hover:bg-bg-sunken hover:text-fg h-5 w-5\">",
    +                 "target": Array [
    +                   "div[data-testid=\"feed-row-306\"] > .h-5.w-5[aria-label=\"למה הציון?\"]",
    +                 ],
    +               },
    +               Object {
    +                 "html": "<span title=\"בדיקת אבטחה: תקין\" aria-label=\"בדיקת אבטחה: תקין\">",
    +                 "target": Array [
    +                   "div[data-testid=\"feed-row-306\"] > span[title=\"בדיקת אבטחה: תקין\"][aria-label=\"בדיקת אבטחה: תקין\"]",
    +                 ],
    +               },
    +               Object {
    +                 "html": "<a href=\"https://www.naval-te...\" target=\"_blank\" rel=\"noopener noreferrer\" data-testid=\"feed-row-title-link-...\" title=\"פתח מקור בכרטיסייה ח...\" class=\"block truncate font-...\">",
    +                 "target": Array [
    +                   "a[data-testid=\"feed-row-title-link-306\"]",
    +                 ],
    +               },
    +             ],
    +           },
    +         ],
    +         "failureSummary": "Fix any of the following:
    +   Element has children which are not allowed: [role=img], button[aria-label], span[aria-label], a",
    +         "html": "<div role=\"row\" data-testid=\"feed-row-306\" data-selected=\"false\" tabindex=\"-1\" aria-selected=\"false\" draggable=\"true\" class=\"absolute inset-x-0 flex h-16 items-center gap-3 border-b border-border px-3 text-sm cursor-pointer hover:bg-bg-sunken\" style=\"top: 768px;\">",
    +         "impact": "critical",
    +         "none": Array [],
    +         "target": Array [
    +           "div[data-testid=\"feed-row-306\"]",
    +         ],
    +       },
    +       Object {
    +         "all": Array [],
    +         "any": Array [
    +           Object {
    +             "data": Object {
    +               "messageKey": "unallowed",
    +               "values": "[role=img], button[aria-label], span[aria-label], a",
    +             },
    +             "id": "aria-required-children",
    +             "impact": "critical",
    +             "message": "Element has children which are not allowed: [role=img], button[aria-label], span[aria-label], a",
    +             "relatedNodes": Array [
    +               Object {
    +                 "html": "<span role=\"img\" aria-label=\"רמת דחיפות: ארכיון\" class=\"inline-flex items-center gap-1 rounded-md font-medium text-level-archive bg-level-archive-bg px-1.5 py-0.5 text-xs\" data-level=\"archive\">",
    +                 "target": Array [
    +                   "div[data-testid=\"feed-row-300\"] > .inline-flex.text-level-archive.bg-level-archive-bg",
    +                 ],
    +               },
    +               Object {
    +                 "html": "<button type=\"button\" aria-expanded=\"false\" aria-label=\"למה הציון?\" title=\"למה הציון?\" class=\"flex shrink-0 items-center justify-center rounded-md text-fg-dim hover:bg-bg-sunken hover:text-fg h-5 w-5\">",
    +                 "target": Array [
    +                   "div[data-testid=\"feed-row-300\"] > .h-5.w-5[aria-label=\"למה הציון?\"]",
    +                 ],
    +               },
    +               Object {
    +                 "html": "<span title=\"בדיקת אבטחה: תקין\" aria-label=\"בדיקת אבטחה: תקין\">",
    +                 "target": Array [
    +                   "div[data-testid=\"feed-row-300\"] > span[title=\"בדיקת אבטחה: תקין\"][aria-label=\"בדיקת אבטחה: תקין\"]",
    +                 ],
    +               },
    +               Object {
    +                 "html": "<a href=\"https://www.naval-technology.com/features/forecasts-finland-defence-market-data-2026-2035/\" target=\"_blank\" rel=\"noopener noreferrer\" data-testid=\"feed-row-title-link-300\" title=\"פתח מקור בכרטיסייה חדשה\" class=\"block truncate font-medium text-fg hover:text-accent hover:underline\">",
    +                 "target": Array [
    +                   "a[data-testid=\"feed-row-title-link-300\"]",
    +                 ],
    +               },
    +             ],
    +           },
    +         ],
    +         "failureSummary": "Fix any of the following:
    +   Element has children which are not allowed: [role=img], button[aria-label], span[aria-label], a",
    +         "html": "<div role=\"row\" data-testid=\"feed-row-300\" data-selected=\"false\" tabindex=\"-1\" aria-selected=\"false\" draggable=\"true\" class=\"absolute inset-x-0 flex h-16 items-center gap-3 border-b border-border px-3 text-sm cursor-pointer hover:bg-bg-sunken\" style=\"top: 832px;\">",
    +         "impact": "critical",
    +         "none": Array [],
    +         "target": Array [
    +           "div[data-testid=\"feed-row-300\"]",
    +         ],
    +       },
    +       Object {
    +         "all": Array [],
    +         "any": Array [
    +           Object {
    +             "data": Object {
    +               "messageKey": "unallowed",
    +               "values": "[role=img], button[aria-label], span[aria-label], a",
    +             },
    +             "id": "aria-required-children",
    +             "impact": "critical",
    +             "message": "Element has children which are not allowed: [role=img], button[aria-label], span[aria-label], a",
    +             "relatedNodes": Array [
    +               Object {
    +                 "html": "<span role=\"img\" aria-label=\"רמת דחיפות: ארכיון\" class=\"inline-flex items-center gap-1 rounded-md font-medium text-level-archive bg-level-archive-bg px-1.5 py-0.5 text-xs\" data-level=\"archive\">",
    +                 "target": Array [
    +                   "div[data-testid=\"feed-row-297\"] > .inline-flex.text-level-archive.bg-level-archive-bg",
    +                 ],
    +               },
    +               Object {
    +                 "html": "<button type=\"button\" aria-expanded=\"false\" aria-label=\"למה הציון?\" title=\"למה הציון?\" class=\"flex shrink-0 items-center justify-center rounded-md text-fg-dim hover:bg-bg-sunken hover:text-fg h-5 w-5\">",
    +                 "target": Array [
    +                   "div[data-testid=\"feed-row-297\"] > .h-5.w-5[aria-label=\"למה הציון?\"]",
    +                 ],
    +               },
    +               Object {
    +                 "html": "<span title=\"בדיקת אבטחה: תקין\" aria-label=\"בדיקת אבטחה: תקין\">",
    +                 "target": Array [
    +                   "div[data-testid=\"feed-row-297\"] > span[title=\"בדיקת אבטחה: תקין\"][aria-label=\"בדיקת אבטחה: תקין\"]",
    +                 ],
    +               },
    +               Object {
    +                 "html": "<a href=\"https://www.airforce-technology.com/news/open-cosmos-tacsys-satellite-framework/\" target=\"_blank\" rel=\"noopener noreferrer\" data-testid=\"feed-row-title-link-297\" title=\"פתח מקור בכרטיסייה חדשה\" class=\"block truncate font-medium text-fg hover:text-accent hover:underline\">",
    +                 "target": Array [
    +                   "a[data-testid=\"feed-row-title-link-297\"]",
    +                 ],
    +               },
    +             ],
    +           },
    +         ],
    +         "failureSummary": "Fix any of the following:
    +   Element has children which are not allowed: [role=img], button[aria-label], span[aria-label], a",
    +         "html": "<div role=\"row\" data-testid=\"feed-row-297\" data-selected=\"false\" tabindex=\"-1\" aria-selected=\"false\" draggable=\"true\" class=\"absolute inset-x-0 flex h-16 items-center gap-3 border-b border-border px-3 text-sm cursor-pointer hover:bg-bg-sunken\" style=\"top: 896px;\">",
    +         "impact": "critical",
    +         "none": Array [],
    +         "target": Array [
    +           "div[data-testid=\"feed-row-297\"]",
    +         ],
    +       },
    +       Object {
    +         "all": Array [],
    +         "any": Array [
    +           Object {
    +             "data": Object {
    +               "messageKey": "unallowed",
    +               "values": "[role=img], button[aria-label], span[aria-label], a",
    +             },
    +             "id": "aria-required-children",
    +             "impact": "critical",
    +             "message": "Element has children which are not allowed: [role=img], button[aria-label], span[aria-label], a",
    +             "relatedNodes": Array [
    +               Object {
    +                 "html": "<span role=\"img\" aria-label=\"רמת דחיפות: ארכיון\" class=\"inline-flex items-center gap-1 rounded-md font-medium text-level-archive bg-level-archive-bg px-1.5 py-0.5 text-xs\" data-level=\"archive\">",
    +                 "target": Array [
    +                   "div[data-testid=\"feed-row-295\"] > .inline-flex.text-level-archive.bg-level-archive-bg",
    +                 ],
    +               },
    +               Object {
    +                 "html": "<button type=\"button\" aria-expanded=\"false\" aria-label=\"למה הציון?\" title=\"למה הציון?\" class=\"flex shrink-0 items-center justify-center rounded-md text-fg-dim hover:bg-bg-sunken hover:text-fg h-5 w-5\">",
    +                 "target": Array [
    +                   "div[data-testid=\"feed-row-295\"] > .h-5.w-5[aria-label=\"למה הציון?\"]",
    +                 ],
    +               },
    +               Object {
    +                 "html": "<span title=\"בדיקת אבטחה: תקין\" aria-label=\"בדיקת אבטחה: תקין\">",
    +                 "target": Array [
    +                   "div[data-testid=\"feed-row-295\"] > span[title=\"בדיקת אבטחה: תקין\"][aria-label=\"בדיקת אבטחה: תקין\"]",
    +                 ],
    +               },
    +               Object {
    +                 "html": "<a href=\"https://www.naval-technology.com/news/hms-bulwark-uk-brazil-sale/\" target=\"_blank\" rel=\"noopener noreferrer\" data-testid=\"feed-row-title-link-295\" title=\"פתח מקור בכרטיסייה חדשה\" class=\"block truncate font-medium text-fg hover:text-accent hover:underline\">",
    +                 "target": Array [
    +                   "a[data-testid=\"feed-row-title-link-295\"]",
    +                 ],
    +               },
    +             ],
    +           },
    +         ],
    +         "failureSummary": "Fix any of the following:
    +   Element has children which are not allowed: [role=img], button[aria-label], span[aria-label], a",
    +         "html": "<div role=\"row\" data-testid=\"feed-row-295\" data-selected=\"false\" tabindex=\"-1\" aria-selected=\"false\" draggable=\"true\" class=\"absolute inset-x-0 flex h-16 items-center gap-3 border-b border-border px-3 text-sm cursor-pointer hover:bg-bg-sunken\" style=\"top: 960px;\">",
    +         "impact": "critical",
    +         "none": Array [],
    +         "target": Array [
    +           "div[data-testid=\"feed-row-295\"]",
    +         ],
    +       },
    +     ],
    +     "tags": Array [
    +       "cat.aria",
    +       "wcag2a",
    +       "wcag131",
    +       "EN-301-549",
    +       "EN-9.1.3.1",
    +       "RGAAv4",
    +       "RGAA-9.3.1",
    +     ],
    +   },
    +   Object {
    +     "description": "Ensure buttons have discernible text",
    +     "help": "Buttons must have discernible text",
    +     "helpUrl": "https://dequeuniversity.com/rules/axe/4.13/button-name?application=playwright",
    +     "id": "button-name",
    +     "impact": "critical",
    +     "nodes": Array [
    +       Object {
    +         "all": Array [],
    +         "any": Array [
    +           Object {
    +             "data": null,
    +             "id": "button-has-visible-text",
    +             "impact": "critical",
    +             "message": "Element does not have inner text that is visible to screen readers",
    +             "relatedNodes": Array [],
    +           },
    +           Object {
    +             "data": null,
    +             "id": "aria-label",
    +             "impact": "critical",
    +             "message": "aria-label attribute does not exist or is empty",
    +             "relatedNodes": Array [],
    +           },
    +           Object {
    +             "data": null,
    +             "id": "aria-labelledby",
    +             "impact": "critical",
    +             "message": "aria-labelledby attribute does not exist, references elements that do not exist or references elements that are empty",
    +             "relatedNodes": Array [],
    +           },
    +           Object {
    +             "data": Object {
    +               "messageKey": "noAttr",
    +             },
    +             "id": "non-empty-title",
    +             "impact": "critical",
    +             "message": "Element has no title attribute",
    +             "relatedNodes": Array [],
    +           },
    +           Object {
    +             "data": null,
    +             "id": "implicit-label",
    +             "impact": "critical",
    +             "message": "Element does not have an implicit (wrapped) <label>",
    +             "relatedNodes": Array [],
    +           },
    +           Object {
    +             "data": null,
    +             "id": "explicit-label",
    +             "impact": "critical",
    +             "message": "Element does not have an explicit <label>",
    +             "relatedNodes": Array [],
    +           },
    +           Object {
    +             "data": null,
    +             "id": "presentational-role",
    +             "impact": "critical",
    +             "message": "Element's default semantics were not overridden with role=\"none\" or role=\"presentation\"",
    +             "relatedNodes": Array [],
    +           },
    +         ],
    +         "failureSummary": "Fix any of the following:
    +   Element does not have inner text that is visible to screen readers
    +   aria-label attribute does not exist or is empty
    +   aria-labelledby attribute does not exist, references elements that do not exist or references elements that are empty
    +   Element has no title attribute
    +   Element does not have an implicit (wrapped) <label>
    +   Element does not have an explicit <label>
    +   Element's default semantics were not overridden with role=\"none\" or role=\"presentation\"",
    +         "html": "<button type=\"button\" class=\"flex shrink-0 items-center gap-1.5 rounded-md bg-accent px-2 py-1.5 text-sm font-medium text-accent-fg hover:opacity-90 disabled:opacity-60 sm:px-3\">",
    +         "impact": "critical",
    +         "none": Array [],
    +         "target": Array [
    +           ".gap-1\\.5",
    +         ],
    +       },
    +     ],
    +     "tags": Array [
    +       "cat.name-role-value",
    +       "wcag2a",
    +       "wcag412",
    +       "section508",
    +       "section508.22.a",
    +       "TTv5",
    +       "TT6.a",
    +       "EN-301-549",
    +       "EN-9.4.1.2",
    +       "ACT",
    +       "RGAAv4",
    +       "RGAA-11.9.1",
    +     ],
    +   },
    + ]

      66 |           .map((v) => `${v.id}: ${v.help} (${v.nodes.length} node(s)) — ${v.nodes[0]?.target.join(" ")}`)
      67 |           .join("\n");
    > 68 |         expect(critical, `Critical axe violations on ${screen.path}:\n${details}`).toEqual([]);
         |                                                                                    ^
      69 |       }
      70 |
      71 |       // Non-critical violations are recorded as an attachment for visibility
        at C:\Users\cohyo\Documents\EO-analyst\e2e\tests\13-accessibility.spec.ts:68:84

    attachment #1: screenshot (image/png) ──────────────────────────────────────────────────────────
    test-results\13-accessibility-Accessibi-652fa--has-no-critical-violations-mobile-390x844\test-failed-1.png
    ────────────────────────────────────────────────────────────────────────────────────────────────

    attachment #2: video (video/webm) ──────────────────────────────────────────────────────────────
    test-results\13-accessibility-Accessibi-652fa--has-no-critical-violations-mobile-390x844\video-1.webm
    ────────────────────────────────────────────────────────────────────────────────────────────────

    attachment #3: video (video/webm) ──────────────────────────────────────────────────────────────
    test-results\13-accessibility-Accessibi-652fa--has-no-critical-violations-mobile-390x844\video.webm
    ────────────────────────────────────────────────────────────────────────────────────────────────

    Error Context: test-results\13-accessibility-Accessibi-652fa--has-no-critical-violations-mobile-390x844\error-context.md

    attachment #5: trace (application/zip) ─────────────────────────────────────────────────────────
    test-results\13-accessibility-Accessibi-652fa--has-no-critical-violations-mobile-390x844\trace.zip
    Usage:

        npx playwright show-trace test-results\13-accessibility-Accessibi-652fa--has-no-critical-violations-mobile-390x844\trace.zip

    ────────────────────────────────────────────────────────────────────────────────────────────────

  16) [mobile-390x844] › tests\13-accessibility.spec.ts:58:9 › Accessibility smoke › axe-core scan: Entities (/entities) has no critical violations 

    Error: Critical axe violations on /entities:
    button-name: Buttons must have discernible text (1 node(s)) — .gap-1\.5

    expect(received).toEqual(expected) // deep equality

    - Expected  -  1
    + Received  + 95

    - Array []
    + Array [
    +   Object {
    +     "description": "Ensure buttons have discernible text",
    +     "help": "Buttons must have discernible text",
    +     "helpUrl": "https://dequeuniversity.com/rules/axe/4.13/button-name?application=playwright",
    +     "id": "button-name",
    +     "impact": "critical",
    +     "nodes": Array [
    +       Object {
    +         "all": Array [],
    +         "any": Array [
    +           Object {
    +             "data": null,
    +             "id": "button-has-visible-text",
    +             "impact": "critical",
    +             "message": "Element does not have inner text that is visible to screen readers",
    +             "relatedNodes": Array [],
    +           },
    +           Object {
    +             "data": null,
    +             "id": "aria-label",
    +             "impact": "critical",
    +             "message": "aria-label attribute does not exist or is empty",
    +             "relatedNodes": Array [],
    +           },
    +           Object {
    +             "data": null,
    +             "id": "aria-labelledby",
    +             "impact": "critical",
    +             "message": "aria-labelledby attribute does not exist, references elements that do not exist or references elements that are empty",
    +             "relatedNodes": Array [],
    +           },
    +           Object {
    +             "data": Object {
    +               "messageKey": "noAttr",
    +             },
    +             "id": "non-empty-title",
    +             "impact": "critical",
    +             "message": "Element has no title attribute",
    +             "relatedNodes": Array [],
    +           },
    +           Object {
    +             "data": null,
    +             "id": "implicit-label",
    +             "impact": "critical",
    +             "message": "Element does not have an implicit (wrapped) <label>",
    +             "relatedNodes": Array [],
    +           },
    +           Object {
    +             "data": null,
    +             "id": "explicit-label",
    +             "impact": "critical",
    +             "message": "Element does not have an explicit <label>",
    +             "relatedNodes": Array [],
    +           },
    +           Object {
    +             "data": null,
    +             "id": "presentational-role",
    +             "impact": "critical",
    +             "message": "Element's default semantics were not overridden with role=\"none\" or role=\"presentation\"",
    +             "relatedNodes": Array [],
    +           },
    +         ],
    +         "failureSummary": "Fix any of the following:
    +   Element does not have inner text that is visible to screen readers
    +   aria-label attribute does not exist or is empty
    +   aria-labelledby attribute does not exist, references elements that do not exist or references elements that are empty
    +   Element has no title attribute
    +   Element does not have an implicit (wrapped) <label>
    +   Element does not have an explicit <label>
    +   Element's default semantics were not overridden with role=\"none\" or role=\"presentation\"",
    +         "html": "<button type=\"button\" class=\"flex shrink-0 items-center gap-1.5 rounded-md bg-accent px-2 py-1.5 text-sm font-medium text-accent-fg hover:opacity-90 disabled:opacity-60 sm:px-3\">",
    +         "impact": "critical",
    +         "none": Array [],
    +         "target": Array [
    +           ".gap-1\\.5",
    +         ],
    +       },
    +     ],
    +     "tags": Array [
    +       "cat.name-role-value",
    +       "wcag2a",
    +       "wcag412",
    +       "section508",
    +       "section508.22.a",
    +       "TTv5",
    +       "TT6.a",
    +       "EN-301-549",
    +       "EN-9.4.1.2",
    +       "ACT",
    +       "RGAAv4",
    +       "RGAA-11.9.1",
    +     ],
    +   },
    + ]

      66 |           .map((v) => `${v.id}: ${v.help} (${v.nodes.length} node(s)) — ${v.nodes[0]?.target.join(" ")}`)
      67 |           .join("\n");
    > 68 |         expect(critical, `Critical axe violations on ${screen.path}:\n${details}`).toEqual([]);
         |                                                                                    ^
      69 |       }
      70 |
      71 |       // Non-critical violations are recorded as an attachment for visibility
        at C:\Users\cohyo\Documents\EO-analyst\e2e\tests\13-accessibility.spec.ts:68:84

    attachment #1: screenshot (image/png) ──────────────────────────────────────────────────────────
    test-results\13-accessibility-Accessibi-2c4f4--has-no-critical-violations-mobile-390x844\test-failed-1.png
    ────────────────────────────────────────────────────────────────────────────────────────────────

    attachment #2: video (video/webm) ──────────────────────────────────────────────────────────────
    test-results\13-accessibility-Accessibi-2c4f4--has-no-critical-violations-mobile-390x844\video-1.webm
    ────────────────────────────────────────────────────────────────────────────────────────────────

    attachment #3: video (video/webm) ──────────────────────────────────────────────────────────────
    test-results\13-accessibility-Accessibi-2c4f4--has-no-critical-violations-mobile-390x844\video.webm
    ────────────────────────────────────────────────────────────────────────────────────────────────

    Error Context: test-results\13-accessibility-Accessibi-2c4f4--has-no-critical-violations-mobile-390x844\error-context.md

    attachment #5: trace (application/zip) ─────────────────────────────────────────────────────────
    test-results\13-accessibility-Accessibi-2c4f4--has-no-critical-violations-mobile-390x844\trace.zip
    Usage:

        npx playwright show-trace test-results\13-accessibility-Accessibi-2c4f4--has-no-critical-violations-mobile-390x844\trace.zip

    ────────────────────────────────────────────────────────────────────────────────────────────────

  17) [mobile-390x844] › tests\13-accessibility.spec.ts:58:9 › Accessibility smoke › axe-core scan: Investigations (/investigations) has no critical violations 

    Error: Critical axe violations on /investigations:
    button-name: Buttons must have discernible text (1 node(s)) — .gap-1\.5

    expect(received).toEqual(expected) // deep equality

    - Expected  -  1
    + Received  + 95

    - Array []
    + Array [
    +   Object {
    +     "description": "Ensure buttons have discernible text",
    +     "help": "Buttons must have discernible text",
    +     "helpUrl": "https://dequeuniversity.com/rules/axe/4.13/button-name?application=playwright",
    +     "id": "button-name",
    +     "impact": "critical",
    +     "nodes": Array [
    +       Object {
    +         "all": Array [],
    +         "any": Array [
    +           Object {
    +             "data": null,
    +             "id": "button-has-visible-text",
    +             "impact": "critical",
    +             "message": "Element does not have inner text that is visible to screen readers",
    +             "relatedNodes": Array [],
    +           },
    +           Object {
    +             "data": null,
    +             "id": "aria-label",
    +             "impact": "critical",
    +             "message": "aria-label attribute does not exist or is empty",
    +             "relatedNodes": Array [],
    +           },
    +           Object {
    +             "data": null,
    +             "id": "aria-labelledby",
    +             "impact": "critical",
    +             "message": "aria-labelledby attribute does not exist, references elements that do not exist or references elements that are empty",
    +             "relatedNodes": Array [],
    +           },
    +           Object {
    +             "data": Object {
    +               "messageKey": "noAttr",
    +             },
    +             "id": "non-empty-title",
    +             "impact": "critical",
    +             "message": "Element has no title attribute",
    +             "relatedNodes": Array [],
    +           },
    +           Object {
    +             "data": null,
    +             "id": "implicit-label",
    +             "impact": "critical",
    +             "message": "Element does not have an implicit (wrapped) <label>",
    +             "relatedNodes": Array [],
    +           },
    +           Object {
    +             "data": null,
    +             "id": "explicit-label",
    +             "impact": "critical",
    +             "message": "Element does not have an explicit <label>",
    +             "relatedNodes": Array [],
    +           },
    +           Object {
    +             "data": null,
    +             "id": "presentational-role",
    +             "impact": "critical",
    +             "message": "Element's default semantics were not overridden with role=\"none\" or role=\"presentation\"",
    +             "relatedNodes": Array [],
    +           },
    +         ],
    +         "failureSummary": "Fix any of the following:
    +   Element does not have inner text that is visible to screen readers
    +   aria-label attribute does not exist or is empty
    +   aria-labelledby attribute does not exist, references elements that do not exist or references elements that are empty
    +   Element has no title attribute
    +   Element does not have an implicit (wrapped) <label>
    +   Element does not have an explicit <label>
    +   Element's default semantics were not overridden with role=\"none\" or role=\"presentation\"",
    +         "html": "<button type=\"button\" class=\"flex shrink-0 items-center gap-1.5 rounded-md bg-accent px-2 py-1.5 text-sm font-medium text-accent-fg hover:opacity-90 disabled:opacity-60 sm:px-3\">",
    +         "impact": "critical",
    +         "none": Array [],
    +         "target": Array [
    +           ".gap-1\\.5",
    +         ],
    +       },
    +     ],
    +     "tags": Array [
    +       "cat.name-role-value",
    +       "wcag2a",
    +       "wcag412",
    +       "section508",
    +       "section508.22.a",
    +       "TTv5",
    +       "TT6.a",
    +       "EN-301-549",
    +       "EN-9.4.1.2",
    +       "ACT",
    +       "RGAAv4",
    +       "RGAA-11.9.1",
    +     ],
    +   },
    + ]

      66 |           .map((v) => `${v.id}: ${v.help} (${v.nodes.length} node(s)) — ${v.nodes[0]?.target.join(" ")}`)
      67 |           .join("\n");
    > 68 |         expect(critical, `Critical axe violations on ${screen.path}:\n${details}`).toEqual([]);
         |                                                                                    ^
      69 |       }
      70 |
      71 |       // Non-critical violations are recorded as an attachment for visibility
        at C:\Users\cohyo\Documents\EO-analyst\e2e\tests\13-accessibility.spec.ts:68:84

    attachment #1: screenshot (image/png) ──────────────────────────────────────────────────────────
    test-results\13-accessibility-Accessibi-e652b--has-no-critical-violations-mobile-390x844\test-failed-1.png
    ────────────────────────────────────────────────────────────────────────────────────────────────

    attachment #2: video (video/webm) ──────────────────────────────────────────────────────────────
    test-results\13-accessibility-Accessibi-e652b--has-no-critical-violations-mobile-390x844\video-1.webm
    ────────────────────────────────────────────────────────────────────────────────────────────────

    attachment #3: video (video/webm) ──────────────────────────────────────────────────────────────
    test-results\13-accessibility-Accessibi-e652b--has-no-critical-violations-mobile-390x844\video.webm
    ────────────────────────────────────────────────────────────────────────────────────────────────

    Error Context: test-results\13-accessibility-Accessibi-e652b--has-no-critical-violations-mobile-390x844\error-context.md

    attachment #5: trace (application/zip) ─────────────────────────────────────────────────────────
    test-results\13-accessibility-Accessibi-e652b--has-no-critical-violations-mobile-390x844\trace.zip
    Usage:

        npx playwright show-trace test-results\13-accessibility-Accessibi-e652b--has-no-critical-violations-mobile-390x844\trace.zip

    ────────────────────────────────────────────────────────────────────────────────────────────────

  18) [mobile-390x844] › tests\13-accessibility.spec.ts:58:9 › Accessibility smoke › axe-core scan: Ask (/ask) has no critical violations 

    Error: Critical axe violations on /ask:
    button-name: Buttons must have discernible text (1 node(s)) — .gap-1\.5

    expect(received).toEqual(expected) // deep equality

    - Expected  -  1
    + Received  + 95

    - Array []
    + Array [
    +   Object {
    +     "description": "Ensure buttons have discernible text",
    +     "help": "Buttons must have discernible text",
    +     "helpUrl": "https://dequeuniversity.com/rules/axe/4.13/button-name?application=playwright",
    +     "id": "button-name",
    +     "impact": "critical",
    +     "nodes": Array [
    +       Object {
    +         "all": Array [],
    +         "any": Array [
    +           Object {
    +             "data": null,
    +             "id": "button-has-visible-text",
    +             "impact": "critical",
    +             "message": "Element does not have inner text that is visible to screen readers",
    +             "relatedNodes": Array [],
    +           },
    +           Object {
    +             "data": null,
    +             "id": "aria-label",
    +             "impact": "critical",
    +             "message": "aria-label attribute does not exist or is empty",
    +             "relatedNodes": Array [],
    +           },
    +           Object {
    +             "data": null,
    +             "id": "aria-labelledby",
    +             "impact": "critical",
    +             "message": "aria-labelledby attribute does not exist, references elements that do not exist or references elements that are empty",
    +             "relatedNodes": Array [],
    +           },
    +           Object {
    +             "data": Object {
    +               "messageKey": "noAttr",
    +             },
    +             "id": "non-empty-title",
    +             "impact": "critical",
    +             "message": "Element has no title attribute",
    +             "relatedNodes": Array [],
    +           },
    +           Object {
    +             "data": null,
    +             "id": "implicit-label",
    +             "impact": "critical",
    +             "message": "Element does not have an implicit (wrapped) <label>",
    +             "relatedNodes": Array [],
    +           },
    +           Object {
    +             "data": null,
    +             "id": "explicit-label",
    +             "impact": "critical",
    +             "message": "Element does not have an explicit <label>",
    +             "relatedNodes": Array [],
    +           },
    +           Object {
    +             "data": null,
    +             "id": "presentational-role",
    +             "impact": "critical",
    +             "message": "Element's default semantics were not overridden with role=\"none\" or role=\"presentation\"",
    +             "relatedNodes": Array [],
    +           },
    +         ],
    +         "failureSummary": "Fix any of the following:
    +   Element does not have inner text that is visible to screen readers
    +   aria-label attribute does not exist or is empty
    +   aria-labelledby attribute does not exist, references elements that do not exist or references elements that are empty
    +   Element has no title attribute
    +   Element does not have an implicit (wrapped) <label>
    +   Element does not have an explicit <label>
    +   Element's default semantics were not overridden with role=\"none\" or role=\"presentation\"",
    +         "html": "<button type=\"button\" class=\"flex shrink-0 items-center gap-1.5 rounded-md bg-accent px-2 py-1.5 text-sm font-medium text-accent-fg hover:opacity-90 disabled:opacity-60 sm:px-3\">",
    +         "impact": "critical",
    +         "none": Array [],
    +         "target": Array [
    +           ".gap-1\\.5",
    +         ],
    +       },
    +     ],
    +     "tags": Array [
    +       "cat.name-role-value",
    +       "wcag2a",
    +       "wcag412",
    +       "section508",
    +       "section508.22.a",
    +       "TTv5",
    +       "TT6.a",
    +       "EN-301-549",
    +       "EN-9.4.1.2",
    +       "ACT",
    +       "RGAAv4",
    +       "RGAA-11.9.1",
    +     ],
    +   },
    + ]

      66 |           .map((v) => `${v.id}: ${v.help} (${v.nodes.length} node(s)) — ${v.nodes[0]?.target.join(" ")}`)
      67 |           .join("\n");
    > 68 |         expect(critical, `Critical axe violations on ${screen.path}:\n${details}`).toEqual([]);
         |                                                                                    ^
      69 |       }
      70 |
      71 |       // Non-critical violations are recorded as an attachment for visibility
        at C:\Users\cohyo\Documents\EO-analyst\e2e\tests\13-accessibility.spec.ts:68:84

    attachment #1: screenshot (image/png) ──────────────────────────────────────────────────────────
    test-results\13-accessibility-Accessibi-4e85a--has-no-critical-violations-mobile-390x844\test-failed-1.png
    ────────────────────────────────────────────────────────────────────────────────────────────────

    attachment #2: video (video/webm) ──────────────────────────────────────────────────────────────
    test-results\13-accessibility-Accessibi-4e85a--has-no-critical-violations-mobile-390x844\video-1.webm
    ────────────────────────────────────────────────────────────────────────────────────────────────

    attachment #3: video (video/webm) ──────────────────────────────────────────────────────────────
    test-results\13-accessibility-Accessibi-4e85a--has-no-critical-violations-mobile-390x844\video.webm
    ────────────────────────────────────────────────────────────────────────────────────────────────

    Error Context: test-results\13-accessibility-Accessibi-4e85a--has-no-critical-violations-mobile-390x844\error-context.md

    attachment #5: trace (application/zip) ─────────────────────────────────────────────────────────
    test-results\13-accessibility-Accessibi-4e85a--has-no-critical-violations-mobile-390x844\trace.zip
    Usage:

        npx playwright show-trace test-results\13-accessibility-Accessibi-4e85a--has-no-critical-violations-mobile-390x844\trace.zip

    ────────────────────────────────────────────────────────────────────────────────────────────────

  19) [mobile-390x844] › tests\13-accessibility.spec.ts:58:9 › Accessibility smoke › axe-core scan: Conferences (/conferences) has no critical violations 

    Error: Critical axe violations on /conferences:
    button-name: Buttons must have discernible text (1 node(s)) — .disabled\:opacity-60

    expect(received).toEqual(expected) // deep equality

    - Expected  -  1
    + Received  + 95

    - Array []
    + Array [
    +   Object {
    +     "description": "Ensure buttons have discernible text",
    +     "help": "Buttons must have discernible text",
    +     "helpUrl": "https://dequeuniversity.com/rules/axe/4.13/button-name?application=playwright",
    +     "id": "button-name",
    +     "impact": "critical",
    +     "nodes": Array [
    +       Object {
    +         "all": Array [],
    +         "any": Array [
    +           Object {
    +             "data": null,
    +             "id": "button-has-visible-text",
    +             "impact": "critical",
    +             "message": "Element does not have inner text that is visible to screen readers",
    +             "relatedNodes": Array [],
    +           },
    +           Object {
    +             "data": null,
    +             "id": "aria-label",
    +             "impact": "critical",
    +             "message": "aria-label attribute does not exist or is empty",
    +             "relatedNodes": Array [],
    +           },
    +           Object {
    +             "data": null,
    +             "id": "aria-labelledby",
    +             "impact": "critical",
    +             "message": "aria-labelledby attribute does not exist, references elements that do not exist or references elements that are empty",
    +             "relatedNodes": Array [],
    +           },
    +           Object {
    +             "data": Object {
    +               "messageKey": "noAttr",
    +             },
    +             "id": "non-empty-title",
    +             "impact": "critical",
    +             "message": "Element has no title attribute",
    +             "relatedNodes": Array [],
    +           },
    +           Object {
    +             "data": null,
    +             "id": "implicit-label",
    +             "impact": "critical",
    +             "message": "Element does not have an implicit (wrapped) <label>",
    +             "relatedNodes": Array [],
    +           },
    +           Object {
    +             "data": null,
    +             "id": "explicit-label",
    +             "impact": "critical",
    +             "message": "Element does not have an explicit <label>",
    +             "relatedNodes": Array [],
    +           },
    +           Object {
    +             "data": null,
    +             "id": "presentational-role",
    +             "impact": "critical",
    +             "message": "Element's default semantics were not overridden with role=\"none\" or role=\"presentation\"",
    +             "relatedNodes": Array [],
    +           },
    +         ],
    +         "failureSummary": "Fix any of the following:
    +   Element does not have inner text that is visible to screen readers
    +   aria-label attribute does not exist or is empty
    +   aria-labelledby attribute does not exist, references elements that do not exist or references elements that are empty
    +   Element has no title attribute
    +   Element does not have an implicit (wrapped) <label>
    +   Element does not have an explicit <label>
    +   Element's default semantics were not overridden with role=\"none\" or role=\"presentation\"",
    +         "html": "<button type=\"button\" class=\"flex shrink-0 items-center gap-1.5 rounded-md bg-accent px-2 py-1.5 text-sm font-medium text-accent-fg hover:opacity-90 disabled:opacity-60 sm:px-3\">",
    +         "impact": "critical",
    +         "none": Array [],
    +         "target": Array [
    +           ".disabled\\:opacity-60",
    +         ],
    +       },
    +     ],
    +     "tags": Array [
    +       "cat.name-role-value",
    +       "wcag2a",
    +       "wcag412",
    +       "section508",
    +       "section508.22.a",
    +       "TTv5",
    +       "TT6.a",
    +       "EN-301-549",
    +       "EN-9.4.1.2",
    +       "ACT",
    +       "RGAAv4",
    +       "RGAA-11.9.1",
    +     ],
    +   },
    + ]

      66 |           .map((v) => `${v.id}: ${v.help} (${v.nodes.length} node(s)) — ${v.nodes[0]?.target.join(" ")}`)
      67 |           .join("\n");
    > 68 |         expect(critical, `Critical axe violations on ${screen.path}:\n${details}`).toEqual([]);
         |                                                                                    ^
      69 |       }
      70 |
      71 |       // Non-critical violations are recorded as an attachment for visibility
        at C:\Users\cohyo\Documents\EO-analyst\e2e\tests\13-accessibility.spec.ts:68:84

    attachment #1: screenshot (image/png) ──────────────────────────────────────────────────────────
    test-results\13-accessibility-Accessibi-0ccb8--has-no-critical-violations-mobile-390x844\test-failed-1.png
    ────────────────────────────────────────────────────────────────────────────────────────────────

    attachment #2: video (video/webm) ──────────────────────────────────────────────────────────────
    test-results\13-accessibility-Accessibi-0ccb8--has-no-critical-violations-mobile-390x844\video.webm
    ────────────────────────────────────────────────────────────────────────────────────────────────

    attachment #3: video (video/webm) ──────────────────────────────────────────────────────────────
    test-results\13-accessibility-Accessibi-0ccb8--has-no-critical-violations-mobile-390x844\video-1.webm
    ────────────────────────────────────────────────────────────────────────────────────────────────

    Error Context: test-results\13-accessibility-Accessibi-0ccb8--has-no-critical-violations-mobile-390x844\error-context.md

    attachment #5: trace (application/zip) ─────────────────────────────────────────────────────────
    test-results\13-accessibility-Accessibi-0ccb8--has-no-critical-violations-mobile-390x844\trace.zip
    Usage:

        npx playwright show-trace test-results\13-accessibility-Accessibi-0ccb8--has-no-critical-violations-mobile-390x844\trace.zip

    ────────────────────────────────────────────────────────────────────────────────────────────────

  20) [mobile-390x844] › tests\13-accessibility.spec.ts:58:9 › Accessibility smoke › axe-core scan: Inbox (/inbox) has no critical violations 

    Error: Critical axe violations on /inbox:
    button-name: Buttons must have discernible text (1 node(s)) — .gap-1\.5

    expect(received).toEqual(expected) // deep equality

    - Expected  -  1
    + Received  + 95

    - Array []
    + Array [
    +   Object {
    +     "description": "Ensure buttons have discernible text",
    +     "help": "Buttons must have discernible text",
    +     "helpUrl": "https://dequeuniversity.com/rules/axe/4.13/button-name?application=playwright",
    +     "id": "button-name",
    +     "impact": "critical",
    +     "nodes": Array [
    +       Object {
    +         "all": Array [],
    +         "any": Array [
    +           Object {
    +             "data": null,
    +             "id": "button-has-visible-text",
    +             "impact": "critical",
    +             "message": "Element does not have inner text that is visible to screen readers",
    +             "relatedNodes": Array [],
    +           },
    +           Object {
    +             "data": null,
    +             "id": "aria-label",
    +             "impact": "critical",
    +             "message": "aria-label attribute does not exist or is empty",
    +             "relatedNodes": Array [],
    +           },
    +           Object {
    +             "data": null,
    +             "id": "aria-labelledby",
    +             "impact": "critical",
    +             "message": "aria-labelledby attribute does not exist, references elements that do not exist or references elements that are empty",
    +             "relatedNodes": Array [],
    +           },
    +           Object {
    +             "data": Object {
    +               "messageKey": "noAttr",
    +             },
    +             "id": "non-empty-title",
    +             "impact": "critical",
    +             "message": "Element has no title attribute",
    +             "relatedNodes": Array [],
    +           },
    +           Object {
    +             "data": null,
    +             "id": "implicit-label",
    +             "impact": "critical",
    +             "message": "Element does not have an implicit (wrapped) <label>",
    +             "relatedNodes": Array [],
    +           },
    +           Object {
    +             "data": null,
    +             "id": "explicit-label",
    +             "impact": "critical",
    +             "message": "Element does not have an explicit <label>",
    +             "relatedNodes": Array [],
    +           },
    +           Object {
    +             "data": null,
    +             "id": "presentational-role",
    +             "impact": "critical",
    +             "message": "Element's default semantics were not overridden with role=\"none\" or role=\"presentation\"",
    +             "relatedNodes": Array [],
    +           },
    +         ],
    +         "failureSummary": "Fix any of the following:
    +   Element does not have inner text that is visible to screen readers
    +   aria-label attribute does not exist or is empty
    +   aria-labelledby attribute does not exist, references elements that do not exist or references elements that are empty
    +   Element has no title attribute
    +   Element does not have an implicit (wrapped) <label>
    +   Element does not have an explicit <label>
    +   Element's default semantics were not overridden with role=\"none\" or role=\"presentation\"",
    +         "html": "<button type=\"button\" class=\"flex shrink-0 items-center gap-1.5 rounded-md bg-accent px-2 py-1.5 text-sm font-medium text-accent-fg hover:opacity-90 disabled:opacity-60 sm:px-3\">",
    +         "impact": "critical",
    +         "none": Array [],
    +         "target": Array [
    +           ".gap-1\\.5",
    +         ],
    +       },
    +     ],
    +     "tags": Array [
    +       "cat.name-role-value",
    +       "wcag2a",
    +       "wcag412",
    +       "section508",
    +       "section508.22.a",
    +       "TTv5",
    +       "TT6.a",
    +       "EN-301-549",
    +       "EN-9.4.1.2",
    +       "ACT",
    +       "RGAAv4",
    +       "RGAA-11.9.1",
    +     ],
    +   },
    + ]

      66 |           .map((v) => `${v.id}: ${v.help} (${v.nodes.length} node(s)) — ${v.nodes[0]?.target.join(" ")}`)
      67 |           .join("\n");
    > 68 |         expect(critical, `Critical axe violations on ${screen.path}:\n${details}`).toEqual([]);
         |                                                                                    ^
      69 |       }
      70 |
      71 |       // Non-critical violations are recorded as an attachment for visibility
        at C:\Users\cohyo\Documents\EO-analyst\e2e\tests\13-accessibility.spec.ts:68:84

    attachment #1: screenshot (image/png) ──────────────────────────────────────────────────────────
    test-results\13-accessibility-Accessibi-d8cbb--has-no-critical-violations-mobile-390x844\test-failed-1.png
    ────────────────────────────────────────────────────────────────────────────────────────────────

    attachment #2: video (video/webm) ──────────────────────────────────────────────────────────────
    test-results\13-accessibility-Accessibi-d8cbb--has-no-critical-violations-mobile-390x844\video.webm
    ────────────────────────────────────────────────────────────────────────────────────────────────

    attachment #3: video (video/webm) ──────────────────────────────────────────────────────────────
    test-results\13-accessibility-Accessibi-d8cbb--has-no-critical-violations-mobile-390x844\video-1.webm
    ────────────────────────────────────────────────────────────────────────────────────────────────

    Error Context: test-results\13-accessibility-Accessibi-d8cbb--has-no-critical-violations-mobile-390x844\error-context.md

    attachment #5: trace (application/zip) ─────────────────────────────────────────────────────────
    test-results\13-accessibility-Accessibi-d8cbb--has-no-critical-violations-mobile-390x844\trace.zip
    Usage:

        npx playwright show-trace test-results\13-accessibility-Accessibi-d8cbb--has-no-critical-violations-mobile-390x844\trace.zip

    ────────────────────────────────────────────────────────────────────────────────────────────────

  21) [mobile-390x844] › tests\13-accessibility.spec.ts:58:9 › Accessibility smoke › axe-core scan: Reports (/reports) has no critical violations 

    Error: Critical axe violations on /reports:
    button-name: Buttons must have discernible text (1 node(s)) — .gap-1\.5

    expect(received).toEqual(expected) // deep equality

    - Expected  -  1
    + Received  + 95

    - Array []
    + Array [
    +   Object {
    +     "description": "Ensure buttons have discernible text",
    +     "help": "Buttons must have discernible text",
    +     "helpUrl": "https://dequeuniversity.com/rules/axe/4.13/button-name?application=playwright",
    +     "id": "button-name",
    +     "impact": "critical",
    +     "nodes": Array [
    +       Object {
    +         "all": Array [],
    +         "any": Array [
    +           Object {
    +             "data": null,
    +             "id": "button-has-visible-text",
    +             "impact": "critical",
    +             "message": "Element does not have inner text that is visible to screen readers",
    +             "relatedNodes": Array [],
    +           },
    +           Object {
    +             "data": null,
    +             "id": "aria-label",
    +             "impact": "critical",
    +             "message": "aria-label attribute does not exist or is empty",
    +             "relatedNodes": Array [],
    +           },
    +           Object {
    +             "data": null,
    +             "id": "aria-labelledby",
    +             "impact": "critical",
    +             "message": "aria-labelledby attribute does not exist, references elements that do not exist or references elements that are empty",
    +             "relatedNodes": Array [],
    +           },
    +           Object {
    +             "data": Object {
    +               "messageKey": "noAttr",
    +             },
    +             "id": "non-empty-title",
    +             "impact": "critical",
    +             "message": "Element has no title attribute",
    +             "relatedNodes": Array [],
    +           },
    +           Object {
    +             "data": null,
    +             "id": "implicit-label",
    +             "impact": "critical",
    +             "message": "Element does not have an implicit (wrapped) <label>",
    +             "relatedNodes": Array [],
    +           },
    +           Object {
    +             "data": null,
    +             "id": "explicit-label",
    +             "impact": "critical",
    +             "message": "Element does not have an explicit <label>",
    +             "relatedNodes": Array [],
    +           },
    +           Object {
    +             "data": null,
    +             "id": "presentational-role",
    +             "impact": "critical",
    +             "message": "Element's default semantics were not overridden with role=\"none\" or role=\"presentation\"",
    +             "relatedNodes": Array [],
    +           },
    +         ],
    +         "failureSummary": "Fix any of the following:
    +   Element does not have inner text that is visible to screen readers
    +   aria-label attribute does not exist or is empty
    +   aria-labelledby attribute does not exist, references elements that do not exist or references elements that are empty
    +   Element has no title attribute
    +   Element does not have an implicit (wrapped) <label>
    +   Element does not have an explicit <label>
    +   Element's default semantics were not overridden with role=\"none\" or role=\"presentation\"",
    +         "html": "<button type=\"button\" class=\"flex shrink-0 items-center gap-1.5 rounded-md bg-accent px-2 py-1.5 text-sm font-medium text-accent-fg hover:opacity-90 disabled:opacity-60 sm:px-3\">",
    +         "impact": "critical",
    +         "none": Array [],
    +         "target": Array [
    +           ".gap-1\\.5",
    +         ],
    +       },
    +     ],
    +     "tags": Array [
    +       "cat.name-role-value",
    +       "wcag2a",
    +       "wcag412",
    +       "section508",
    +       "section508.22.a",
    +       "TTv5",
    +       "TT6.a",
    +       "EN-301-549",
    +       "EN-9.4.1.2",
    +       "ACT",
    +       "RGAAv4",
    +       "RGAA-11.9.1",
    +     ],
    +   },
    + ]

      66 |           .map((v) => `${v.id}: ${v.help} (${v.nodes.length} node(s)) — ${v.nodes[0]?.target.join(" ")}`)
      67 |           .join("\n");
    > 68 |         expect(critical, `Critical axe violations on ${screen.path}:\n${details}`).toEqual([]);
         |                                                                                    ^
      69 |       }
      70 |
      71 |       // Non-critical violations are recorded as an attachment for visibility
        at C:\Users\cohyo\Documents\EO-analyst\e2e\tests\13-accessibility.spec.ts:68:84

    attachment #1: screenshot (image/png) ──────────────────────────────────────────────────────────
    test-results\13-accessibility-Accessibi-383c3--has-no-critical-violations-mobile-390x844\test-failed-1.png
    ────────────────────────────────────────────────────────────────────────────────────────────────

    attachment #2: video (video/webm) ──────────────────────────────────────────────────────────────
    test-results\13-accessibility-Accessibi-383c3--has-no-critical-violations-mobile-390x844\video.webm
    ────────────────────────────────────────────────────────────────────────────────────────────────

    attachment #3: video (video/webm) ──────────────────────────────────────────────────────────────
    test-results\13-accessibility-Accessibi-383c3--has-no-critical-violations-mobile-390x844\video-1.webm
    ────────────────────────────────────────────────────────────────────────────────────────────────

    Error Context: test-results\13-accessibility-Accessibi-383c3--has-no-critical-violations-mobile-390x844\error-context.md

    attachment #5: trace (application/zip) ─────────────────────────────────────────────────────────
    test-results\13-accessibility-Accessibi-383c3--has-no-critical-violations-mobile-390x844\trace.zip
    Usage:

        npx playwright show-trace test-results\13-accessibility-Accessibi-383c3--has-no-critical-violations-mobile-390x844\trace.zip

    ────────────────────────────────────────────────────────────────────────────────────────────────

  22) [mobile-390x844] › tests\13-accessibility.spec.ts:58:9 › Accessibility smoke › axe-core scan: Settings (/settings) has no critical violations 

    Error: Critical axe violations on /settings:
    button-name: Buttons must have discernible text (1 node(s)) — .disabled\:opacity-60

    expect(received).toEqual(expected) // deep equality

    - Expected  -  1
    + Received  + 95

    - Array []
    + Array [
    +   Object {
    +     "description": "Ensure buttons have discernible text",
    +     "help": "Buttons must have discernible text",
    +     "helpUrl": "https://dequeuniversity.com/rules/axe/4.13/button-name?application=playwright",
    +     "id": "button-name",
    +     "impact": "critical",
    +     "nodes": Array [
    +       Object {
    +         "all": Array [],
    +         "any": Array [
    +           Object {
    +             "data": null,
    +             "id": "button-has-visible-text",
    +             "impact": "critical",
    +             "message": "Element does not have inner text that is visible to screen readers",
    +             "relatedNodes": Array [],
    +           },
    +           Object {
    +             "data": null,
    +             "id": "aria-label",
    +             "impact": "critical",
    +             "message": "aria-label attribute does not exist or is empty",
    +             "relatedNodes": Array [],
    +           },
    +           Object {
    +             "data": null,
    +             "id": "aria-labelledby",
    +             "impact": "critical",
    +             "message": "aria-labelledby attribute does not exist, references elements that do not exist or references elements that are empty",
    +             "relatedNodes": Array [],
    +           },
    +           Object {
    +             "data": Object {
    +               "messageKey": "noAttr",
    +             },
    +             "id": "non-empty-title",
    +             "impact": "critical",
    +             "message": "Element has no title attribute",
    +             "relatedNodes": Array [],
    +           },
    +           Object {
    +             "data": null,
    +             "id": "implicit-label",
    +             "impact": "critical",
    +             "message": "Element does not have an implicit (wrapped) <label>",
    +             "relatedNodes": Array [],
    +           },
    +           Object {
    +             "data": null,
    +             "id": "explicit-label",
    +             "impact": "critical",
    +             "message": "Element does not have an explicit <label>",
    +             "relatedNodes": Array [],
    +           },
    +           Object {
    +             "data": null,
    +             "id": "presentational-role",
    +             "impact": "critical",
    +             "message": "Element's default semantics were not overridden with role=\"none\" or role=\"presentation\"",
    +             "relatedNodes": Array [],
    +           },
    +         ],
    +         "failureSummary": "Fix any of the following:
    +   Element does not have inner text that is visible to screen readers
    +   aria-label attribute does not exist or is empty
    +   aria-labelledby attribute does not exist, references elements that do not exist or references elements that are empty
    +   Element has no title attribute
    +   Element does not have an implicit (wrapped) <label>
    +   Element does not have an explicit <label>
    +   Element's default semantics were not overridden with role=\"none\" or role=\"presentation\"",
    +         "html": "<button type=\"button\" class=\"flex shrink-0 items-center gap-1.5 rounded-md bg-accent px-2 py-1.5 text-sm font-medium text-accent-fg hover:opacity-90 disabled:opacity-60 sm:px-3\">",
    +         "impact": "critical",
    +         "none": Array [],
    +         "target": Array [
    +           ".disabled\\:opacity-60",
    +         ],
    +       },
    +     ],
    +     "tags": Array [
    +       "cat.name-role-value",
    +       "wcag2a",
    +       "wcag412",
    +       "section508",
    +       "section508.22.a",
    +       "TTv5",
    +       "TT6.a",
    +       "EN-301-549",
    +       "EN-9.4.1.2",
    +       "ACT",
    +       "RGAAv4",
    +       "RGAA-11.9.1",
    +     ],
    +   },
    + ]

      66 |           .map((v) => `${v.id}: ${v.help} (${v.nodes.length} node(s)) — ${v.nodes[0]?.target.join(" ")}`)
      67 |           .join("\n");
    > 68 |         expect(critical, `Critical axe violations on ${screen.path}:\n${details}`).toEqual([]);
         |                                                                                    ^
      69 |       }
      70 |
      71 |       // Non-critical violations are recorded as an attachment for visibility
        at C:\Users\cohyo\Documents\EO-analyst\e2e\tests\13-accessibility.spec.ts:68:84

    attachment #1: screenshot (image/png) ──────────────────────────────────────────────────────────
    test-results\13-accessibility-Accessibi-8a593--has-no-critical-violations-mobile-390x844\test-failed-1.png
    ────────────────────────────────────────────────────────────────────────────────────────────────

    attachment #2: video (video/webm) ──────────────────────────────────────────────────────────────
    test-results\13-accessibility-Accessibi-8a593--has-no-critical-violations-mobile-390x844\video-1.webm
    ────────────────────────────────────────────────────────────────────────────────────────────────

    attachment #3: video (video/webm) ──────────────────────────────────────────────────────────────
    test-results\13-accessibility-Accessibi-8a593--has-no-critical-violations-mobile-390x844\video.webm
    ────────────────────────────────────────────────────────────────────────────────────────────────

    Error Context: test-results\13-accessibility-Accessibi-8a593--has-no-critical-violations-mobile-390x844\error-context.md

    attachment #5: trace (application/zip) ─────────────────────────────────────────────────────────
    test-results\13-accessibility-Accessibi-8a593--has-no-critical-violations-mobile-390x844\trace.zip
    Usage:

        npx playwright show-trace test-results\13-accessibility-Accessibi-8a593--has-no-critical-violations-mobile-390x844\trace.zip

    ────────────────────────────────────────────────────────────────────────────────────────────────

  22 failed
    [desktop-1440x900] › tests\02-feed.spec.ts:186:7 › Feed screen (/feed) › keyboard: J/K move selection, Enter opens the detail panel 
    [desktop-1440x900] › tests\02-feed.spec.ts:264:7 › Feed screen (/feed) › detail panel never renders blank: shows a summary or an explicit "not yet summarized" state 
    [desktop-1440x900] › tests\07-conferences.spec.ts:17:7 › Conferences screen (/conferences) › each row has an outbound link (href http) or a clearly labeled "אין קישור" — never a silent blank 
    [desktop-1440x900] › tests\10-settings.spec.ts:22:7 › Settings screen (/settings) › a no-op save (writing the same YAML back) fires PUT and shows success or a validation error 
    [desktop-1440x900] › tests\13-accessibility.spec.ts:58:9 › Accessibility smoke › axe-core scan: Feed (/feed) has no critical violations 
    [mobile-390x844] › tests\00-navigation.spec.ts:23:7 › Navigation rail › every nav link routes and updates the page heading 
    [mobile-390x844] › tests\00-navigation.spec.ts:38:7 › Navigation rail › active nav link is highlighted with aria-current 
    [mobile-390x844] › tests\00-navigation.spec.ts:48:7 › Navigation rail › browser back navigates to the previous screen 
    [mobile-390x844] › tests\02-feed.spec.ts:186:7 › Feed screen (/feed) › keyboard: J/K move selection, Enter opens the detail panel 
    [mobile-390x844] › tests\02-feed.spec.ts:264:7 › Feed screen (/feed) › detail panel never renders blank: shows a summary or an explicit "not yet summarized" state 
    [mobile-390x844] › tests\07-conferences.spec.ts:17:7 › Conferences screen (/conferences) › each row has an outbound link (href http) or a clearly labeled "אין קישור" — never a silent blank 
    [mobile-390x844] › tests\10-settings.spec.ts:22:7 › Settings screen (/settings) › a no-op save (writing the same YAML back) fires PUT and shows success or a validation error 
    [mobile-390x844] › tests\13-accessibility.spec.ts:17:7 › Accessibility smoke › every button and link has an accessible name 
    [mobile-390x844] › tests\13-accessibility.spec.ts:58:9 › Accessibility smoke › axe-core scan: Morning (/) has no critical violations 
    [mobile-390x844] › tests\13-accessibility.spec.ts:58:9 › Accessibility smoke › axe-core scan: Feed (/feed) has no critical violations 
    [mobile-390x844] › tests\13-accessibility.spec.ts:58:9 › Accessibility smoke › axe-core scan: Entities (/entities) has no critical violations 
    [mobile-390x844] › tests\13-accessibility.spec.ts:58:9 › Accessibility smoke › axe-core scan: Investigations (/investigations) has no critical violations 
    [mobile-390x844] › tests\13-accessibility.spec.ts:58:9 › Accessibility smoke › axe-core scan: Ask (/ask) has no critical violations 
    [mobile-390x844] › tests\13-accessibility.spec.ts:58:9 › Accessibility smoke › axe-core scan: Conferences (/conferences) has no critical violations 
    [mobile-390x844] › tests\13-accessibility.spec.ts:58:9 › Accessibility smoke › axe-core scan: Inbox (/inbox) has no critical violations 
    [mobile-390x844] › tests\13-accessibility.spec.ts:58:9 › Accessibility smoke › axe-core scan: Reports (/reports) has no critical violations 
    [mobile-390x844] › tests\13-accessibility.spec.ts:58:9 › Accessibility smoke › axe-core scan: Settings (/settings) has no critical violations 
